Transaction_ID,Date,Time,Item_Name,Category,Price,Quantity,Customer_ID,Customer_Age,Customer_Gender,Payment_Method,totalsales,averagesales
1,15/06/2024,03:15AM,Espresso,Beverage,3.0,1,1574,42,Female,Debit Card,3,1
2,19/06/2024,11:22PM,Cheesecake,Dessert,7.0,5,1913,44,Female,Debit Card,35,17
3,14/06/2024,01:29PM,Cheesecake,Dessert,7.0,1,1213,33,Female,Debit Card,7,3
4,03/06/2024,06:55PM,Cappuccino,Beverage,4.5,1,1235,59,Female,Cash,4,2
5,10/06/2024,08:22PM,Caesar Salad,Salad,9.0,4,1462,61,Female,Cash,36,18
6,18/06/2024,09:04PM,Caesar Salad,Salad,9.0,3,1643,62,Female,Debit Card,27,13
7,22/06/2024,07:12PM,Espresso,Beverage,3.0,4,1180,43,Male,Credit Card,12,6
8,11/06/2024,03:21PM,Margherita Pizza,Main Course,13.0,4,1846,64,Male,Cash,52,26
9,05/06/2024,03:05PM,Margherita Pizza,Main Course,13.0,5,1992,29,Female,Credit Card,65,32
10,20/06/2024,06:30AM,Chicken Sandwich,Main Course,11.5,3,1113,52,Female,Debit Card,34,17
11,14/06/2024,12:43AM,Green Smoothie,Beverage,5.5,2,1357,40,Male,Debit Card,11,5
12,22/06/2024,10:04AM,Chocolate Cake,Dessert,7.5,3,1030,53,Male,Debit Card,22,11
13,25/06/2024,08:31AM,Chicken Sandwich,Main Course,11.5,5,1291,56,Male,Debit Card,57,29
14,26/06/2024,09:24AM,Cheesecake,Dessert,7.0,4,1206,22,Male,Cash,28,14
15,27/06/2024,04:07AM,Caesar Salad,Salad,9.0,4,1529,34,Female,Debit Card,36,18
16,05/06/2024,07:40AM,Green Smoothie,Beverage,5.5,3,1779,50,Male,Credit Card,16,8
17,19/06/2024,09:55AM,Chocolate Cake,Dessert,7.5,5,1513,53,Female,Credit Card,37,19
18,27/06/2024,06:13PM,Latte,Beverage,4.0,4,1841,34,Female,Debit Card,16,8
19,25/06/2024,06:31AM,Espresso,Beverage,3.0,2,1059,35,Female,Cash,6,3
20,28/06/2024,02:46AM,Vegan Burger,Main Course,12.5,4,1475,61,Male,Credit Card,50,25
21,25/06/2024,12:42AM,Greek Salad,Salad,9.5,1,1451,37,Female,Cash,9,5
22,09/06/2024,07:21PM,Chocolate Cake,Dessert,7.5,2,1436,26,Female,Credit Card,15,7
23,29/06/2024,11:31AM,Green Smoothie,Beverage,5.5,1,1428,19,Male,Debit Card,5,3
24,03/06/2024,07:20PM,Latte,Beverage,4.0,1,1406,61,Female,Debit Card,4,2
25,08/06/2024,01:53AM,Margherita Pizza,Main Course,13.0,5,1556,43,Male,Credit Card,65,32
26,26/06/2024,02:46AM,Iced Tea,Beverage,2.5,5,1432,20,Male,Cash,12,6
27,07/06/2024,03:06AM,Caesar Salad,Salad,9.0,3,1937,22,Male,Credit Card,27,13
28,10/06/2024,05:43PM,Greek Salad,Salad,9.5,5,1862,39,Male,Debit Card,47,24
29,09/06/2024,06:10PM,Latte,Beverage,4.0,5,1585,49,Male,Debit Card,20,10
30,30/06/2024,11:49PM,Margherita Pizza,Main Course,13.0,3,1015,43,Female,Cash,39,19
31,19/06/2024,02:59PM,Greek Salad,Salad,9.5,5,1942,18,Male,Cash,47,24
32,04/06/2024,06:55AM,Chocolate Cake,Dessert,7.5,1,1547,23,Male,Credit Card,7,4
33,14/06/2024,04:47AM,Espresso,Beverage,3.0,2,1392,26,Female,Cash,6,3
34,17/06/2024,07:13PM,Chicken Sandwich,Main Course,11.5,4,1816,63,Female,Cash,46,23
35,11/06/2024,05:27PM,Espresso,Beverage,3.0,3,1961,38,Male,Credit Card,9,4
36,07/06/2024,05:12AM,American Breakfast,Breakfast,11.0,5,1602,63,Female,Credit Card,55,27
37,21/06/2024,05:51PM,Chocolate Cake,Dessert,7.5,3,1875,39,Male,Debit Card,22,11
38,12/06/2024,08:47PM,Green Smoothie,Beverage,5.5,5,1001,57,Male,Debit Card,27,14
39,15/06/2024,12:42PM,American Breakfast,Breakfast,11.0,3,1239,35,Female,Debit Card,33,16
40,10/06/2024,02:22PM,Spaghetti Carbonara,Main Course,14.0,4,1231,42,Male,Credit Card,56,28
41,13/06/2024,10:30PM,Iced Tea,Beverage,2.5,1,1285,28,Male,Debit Card,2,1
42,07/06/2024,10:49PM,Grilled Salmon,Main Course,16.0,2,1318,37,Female,Credit Card,32,16
43,09/06/2024,03:51PM,Margherita Pizza,Main Course,13.0,4,1662,44,Male,Debit Card,52,26
44,09/06/2024,01:44AM,Caesar Salad,Salad,9.0,2,1151,26,Female,Credit Card,18,9
45,10/06/2024,07:49PM,Margherita Pizza,Main Course,13.0,4,1799,54,Male,Credit Card,52,26
46,23/06/2024,11:30AM,Cappuccino,Beverage,4.5,4,1267,27,Male,Cash,18,9
47,27/06/2024,09:23AM,Chicken Sandwich,Main Course,11.5,2,1606,53,Female,Credit Card,23,11
48,28/06/2024,07:10AM,Cappuccino,Beverage,4.5,3,1805,35,Male,Credit Card,13,7
49,21/06/2024,05:51AM,Grilled Salmon,Main Course,16.0,4,1991,52,Male,Credit Card,64,32
50,07/06/2024,10:07AM,Cheesecake,Dessert,7.0,2,1990,37,Male,Cash,14,7
51,21/06/2024,10:30PM,Chicken Sandwich,Main Course,11.5,4,1152,28,Male,Cash,46,23
52,27/06/2024,06:20AM,Green Smoothie,Beverage,5.5,3,1496,57,Female,Cash,16,8
53,06/06/2024,01:38PM,Chicken Sandwich,Main Course,11.5,5,1794,44,Female,Debit Card,57,29
54,25/06/2024,04:51AM,Green Smoothie,Beverage,5.5,2,1113,52,Male,Debit Card,11,5
55,02/06/2024,04:37AM,Espresso,Beverage,3.0,4,1090,34,Male,Debit Card,12,6
56,29/06/2024,05:14PM,Chicken Sandwich,Main Course,11.5,1,1936,51,Female,Debit Card,11,6
57,05/06/2024,07:31AM,Iced Tea,Beverage,2.5,4,1003,36,Female,Cash,10,5
58,08/06/2024,03:19AM,Caesar Salad,Salad,9.0,5,1660,40,Female,Cash,45,22
59,12/06/2024,01:23AM,Chicken Sandwich,Main Course,11.5,4,1616,52,Female,Cash,46,23
60,13/06/2024,10:20PM,Espresso,Beverage,3.0,3,1597,46,Female,Credit Card,9,4
61,18/06/2024,01:38PM,Greek Salad,Salad,9.5,1,1142,45,Female,Debit Card,9,5
62,01/06/2024,02:49AM,Cappuccino,Beverage,4.5,2,1144,59,Female,Debit Card,9,4
63,25/06/2024,01:33PM,Cheesecake,Dessert,7.0,5,1603,30,Male,Cash,35,17
64,27/06/2024,12:57PM,Iced Tea,Beverage,2.5,5,1720,35,Male,Credit Card,12,6
65,25/06/2024,07:40PM,Cappuccino,Beverage,4.5,5,1355,37,Male,Cash,22,11
66,06/06/2024,04:52PM,Chocolate Cake,Dessert,7.5,5,1910,64,Male,Debit Card,37,19
67,21/06/2024,01:37PM,Cheesecake,Dessert,7.0,4,1090,43,Male,Debit Card,28,14
68,15/06/2024,05:18PM,Margherita Pizza,Main Course,13.0,3,1849,51,Female,Debit Card,39,19
69,09/06/2024,06:03PM,Spaghetti Carbonara,Main Course,14.0,4,1191,52,Female,Debit Card,56,28
70,15/06/2024,09:09AM,Green Smoothie,Beverage,5.5,3,1415,55,Male,Debit Card,16,8
71,26/06/2024,06:54AM,Cappuccino,Beverage,4.5,1,1017,23,Male,Cash,4,2
72,28/06/2024,12:45PM,Chocolate Cake,Dessert,7.5,4,1493,44,Female,Credit Card,30,15
73,16/06/2024,06:13AM,Espresso,Beverage,3.0,4,1468,26,Male,Cash,12,6
74,20/06/2024,07:57PM,Spaghetti Carbonara,Main Course,14.0,4,1578,54,Female,Debit Card,56,28
75,30/06/2024,09:43AM,Greek Salad,Salad,9.5,4,1272,31,Male,Debit Card,38,19
76,06/06/2024,01:44AM,Latte,Beverage,4.0,3,1782,35,Male,Debit Card,12,6
77,11/06/2024,10:53PM,American Breakfast,Breakfast,11.0,2,1677,20,Male,Debit Card,22,11
78,08/06/2024,05:12AM,Cappuccino,Beverage,4.5,2,1736,38,Male,Debit Card,9,4
79,22/06/2024,09:44AM,Chicken Sandwich,Main Course,11.5,3,1638,21,Female,Debit Card,34,17
80,22/06/2024,03:00PM,Vegan Burger,Main Course,12.5,3,1041,48,Female,Debit Card,37,19
81,07/06/2024,03:04PM,Chicken Sandwich,Main Course,11.5,5,1024,34,Female,Cash,57,29
82,16/06/2024,07:52AM,Green Smoothie,Beverage,5.5,1,1127,33,Female,Cash,5,3
83,17/06/2024,03:20AM,Chocolate Cake,Dessert,7.5,1,1541,61,Male,Cash,7,4
84,22/06/2024,09:57PM,Latte,Beverage,4.0,4,1277,39,Female,Credit Card,16,8
85,18/06/2024,02:22PM,Spaghetti Carbonara,Main Course,14.0,3,1859,48,Male,Cash,42,21
86,17/06/2024,05:59PM,Green Smoothie,Beverage,5.5,2,1754,36,Male,Credit Card,11,5
87,02/06/2024,10:03PM,Iced Tea,Beverage,2.5,4,1766,60,Male,Debit Card,10,5
88,04/06/2024,12:41PM,Chicken Sandwich,Main Course,11.5,5,1093,60,Male,Debit Card,57,29
89,13/06/2024,08:55AM,Chicken Sandwich,Main Course,11.5,2,1731,34,Female,Debit Card,23,11
90,05/06/2024,01:34AM,Caesar Salad,Salad,9.0,2,1156,48,Female,Cash,18,9
91,22/06/2024,08:30PM,Greek Salad,Salad,9.5,3,1138,52,Female,Cash,28,14
92,19/06/2024,12:14PM,Iced Tea,Beverage,2.5,2,1093,59,Female,Debit Card,5,2
93,25/06/2024,05:02AM,Iced Tea,Beverage,2.5,3,1948,61,Female,Debit Card,7,4
94,20/06/2024,09:01AM,American Breakfast,Breakfast,11.0,4,1658,42,Female,Debit Card,44,22
95,22/06/2024,04:58AM,Vegan Burger,Main Course,12.5,4,1098,31,Female,Debit Card,50,25
96,25/06/2024,11:01AM,Green Smoothie,Beverage,5.5,1,1767,32,Female,Cash,5,3
97,14/06/2024,05:47AM,Iced Tea,Beverage,2.5,4,1766,40,Male,Debit Card,10,5
98,25/06/2024,02:50AM,Greek Salad,Salad,9.5,5,1132,51,Male,Credit Card,47,24
99,23/06/2024,01:44AM,Latte,Beverage,4.0,4,1169,27,Male,Cash,16,8
100,03/06/2024,04:35PM,Latte,Beverage,4.0,2,1047,27,Male,Debit Card,8,4
101,08/06/2024,06:53AM,Green Smoothie,Beverage,5.5,3,1706,35,Male,Credit Card,16,8
102,16/06/2024,03:35AM,American Breakfast,Breakfast,11.0,4,1836,60,Female,Cash,44,22
103,30/06/2024,11:20PM,Vegan Burger,Main Course,12.5,4,1652,61,Female,Cash,50,25
104,12/06/2024,09:51AM,Greek Salad,Salad,9.5,4,1797,22,Female,Credit Card,38,19
105,25/06/2024,09:38AM,Chicken Sandwich,Main Course,11.5,2,1178,54,Female,Credit Card,23,11
106,14/06/2024,03:33PM,Greek Salad,Salad,9.5,2,1715,26,Male,Debit Card,19,9
107,30/06/2024,09:59PM,Chocolate Cake,Dessert,7.5,2,1634,46,Female,Credit Card,15,7
108,03/06/2024,05:11AM,Latte,Beverage,4.0,2,1487,20,Female,Cash,8,4
109,14/06/2024,01:09PM,Iced Tea,Beverage,2.5,3,1731,60,Female,Cash,7,4
110,29/06/2024,05:16PM,Chocolate Cake,Dessert,7.5,1,1030,43,Male,Credit Card,7,4
111,07/06/2024,09:32AM,Cheesecake,Dessert,7.0,5,1836,45,Male,Debit Card,35,17
112,03/06/2024,02:15AM,Cappuccino,Beverage,4.5,5,1010,31,Male,Debit Card,22,11
113,23/06/2024,03:14PM,Margherita Pizza,Main Course,13.0,1,1087,62,Female,Debit Card,13,6
114,22/06/2024,12:03AM,American Breakfast,Breakfast,11.0,5,1428,29,Male,Debit Card,55,27
115,26/06/2024,05:03AM,Spaghetti Carbonara,Main Course,14.0,1,1368,31,Male,Debit Card,14,7
116,15/06/2024,04:17PM,Cheesecake,Dessert,7.0,1,1834,38,Female,Cash,7,3
117,21/06/2024,08:47PM,Vegan Burger,Main Course,12.5,5,1032,27,Male,Credit Card,62,31
118,05/06/2024,07:11PM,Iced Tea,Beverage,2.5,4,1690,38,Male,Credit Card,10,5
119,08/06/2024,03:14AM,Latte,Beverage,4.0,2,1684,22,Female,Cash,8,4
120,19/06/2024,09:17AM,Iced Tea,Beverage,2.5,4,1262,41,Male,Debit Card,10,5
121,10/06/2024,06:55PM,Espresso,Beverage,3.0,1,1618,35,Female,Credit Card,3,1
122,18/06/2024,04:37PM,Cheesecake,Dessert,7.0,3,1721,27,Male,Cash,21,10
123,10/06/2024,02:15PM,Grilled Salmon,Main Course,16.0,3,1488,25,Female,Debit Card,48,24
124,12/06/2024,02:58AM,Grilled Salmon,Main Course,16.0,3,1408,49,Male,Cash,48,24
125,02/06/2024,01:19PM,Vegan Burger,Main Course,12.5,2,1896,26,Male,Cash,25,12
126,10/06/2024,10:47AM,Iced Tea,Beverage,2.5,4,1423,22,Female,Credit Card,10,5
127,22/06/2024,06:23PM,Cappuccino,Beverage,4.5,3,1718,57,Male,Credit Card,13,7
128,12/06/2024,12:37AM,Chicken Sandwich,Main Course,11.5,1,1715,43,Male,Credit Card,11,6
129,20/06/2024,04:41AM,Caesar Salad,Salad,9.0,5,1858,65,Female,Debit Card,45,22
130,14/06/2024,09:08PM,Iced Tea,Beverage,2.5,2,1984,18,Male,Debit Card,5,2
131,17/06/2024,02:38AM,Margherita Pizza,Main Course,13.0,5,1810,61,Male,Credit Card,65,32
132,30/06/2024,11:14PM,Cheesecake,Dessert,7.0,5,1467,59,Male,Credit Card,35,17
133,14/06/2024,09:14AM,Latte,Beverage,4.0,3,1766,33,Female,Credit Card,12,6
134,22/06/2024,08:36PM,Vegan Burger,Main Course,12.5,5,1303,49,Female,Credit Card,62,31
135,03/06/2024,09:17PM,Cappuccino,Beverage,4.5,4,1107,18,Female,Cash,18,9
136,08/06/2024,11:44AM,Chocolate Cake,Dessert,7.5,5,1974,30,Male,Credit Card,37,19
137,14/06/2024,05:14PM,Spaghetti Carbonara,Main Course,14.0,3,1138,36,Male,Cash,42,21
138,19/06/2024,11:40AM,Cheesecake,Dessert,7.0,5,1431,36,Female,Credit Card,35,17
139,30/06/2024,11:43PM,Cappuccino,Beverage,4.5,4,1370,45,Female,Credit Card,18,9
140,15/06/2024,01:33AM,Iced Tea,Beverage,2.5,2,1929,43,Male,Credit Card,5,2
141,24/06/2024,03:47AM,Chicken Sandwich,Main Course,11.5,1,1535,39,Female,Cash,11,6
142,17/06/2024,06:50PM,Latte,Beverage,4.0,5,1415,51,Female,Debit Card,20,10
143,23/06/2024,01:00PM,American Breakfast,Breakfast,11.0,5,1662,62,Male,Debit Card,55,27
144,11/06/2024,09:59AM,Spaghetti Carbonara,Main Course,14.0,3,1884,29,Female,Cash,42,21
145,07/06/2024,11:58PM,Espresso,Beverage,3.0,4,1727,62,Female,Debit Card,12,6
146,29/06/2024,06:08AM,Iced Tea,Beverage,2.5,1,1669,61,Male,Debit Card,2,1
147,15/06/2024,12:11PM,Vegan Burger,Main Course,12.5,2,1670,43,Female,Debit Card,25,12
148,23/06/2024,01:53AM,American Breakfast,Breakfast,11.0,3,1977,57,Female,Cash,33,16
149,26/06/2024,07:31PM,Espresso,Beverage,3.0,2,1569,62,Female,Cash,6,3
150,06/06/2024,09:10AM,Spaghetti Carbonara,Main Course,14.0,3,1969,42,Female,Cash,42,21
151,14/06/2024,07:15PM,Espresso,Beverage,3.0,4,1743,46,Female,Credit Card,12,6
152,07/06/2024,04:45AM,American Breakfast,Breakfast,11.0,2,1388,35,Female,Debit Card,22,11
153,27/06/2024,10:42PM,Chicken Sandwich,Main Course,11.5,3,1583,32,Male,Debit Card,34,17
154,10/06/2024,08:17AM,Latte,Beverage,4.0,4,1898,20,Male,Cash,16,8
155,05/06/2024,12:31PM,Vegan Burger,Main Course,12.5,2,1666,25,Male,Debit Card,25,12
156,06/06/2024,02:40AM,Chocolate Cake,Dessert,7.5,4,1212,54,Male,Cash,30,15
157,16/06/2024,09:15PM,Cappuccino,Beverage,4.5,2,1636,61,Female,Cash,9,4
158,24/06/2024,10:54PM,Caesar Salad,Salad,9.0,5,1400,21,Female,Debit Card,45,22
159,21/06/2024,12:58AM,American Breakfast,Breakfast,11.0,1,1813,24,Female,Credit Card,11,5
160,23/06/2024,11:50AM,Cheesecake,Dessert,7.0,3,1820,57,Female,Debit Card,21,10
161,11/06/2024,05:25AM,Margherita Pizza,Main Course,13.0,3,1251,59,Male,Debit Card,39,19
162,04/06/2024,08:36PM,Cappuccino,Beverage,4.5,4,1369,49,Male,Credit Card,18,9
163,12/06/2024,12:44PM,Latte,Beverage,4.0,5,1992,20,Male,Debit Card,20,10
164,14/06/2024,12:06AM,Latte,Beverage,4.0,4,1551,28,Female,Debit Card,16,8
165,28/06/2024,06:39AM,Grilled Salmon,Main Course,16.0,2,1802,26,Female,Debit Card,32,16
166,29/06/2024,07:48AM,Vegan Burger,Main Course,12.5,4,1310,20,Male,Cash,50,25
167,19/06/2024,02:07PM,Caesar Salad,Salad,9.0,4,1717,23,Male,Cash,36,18
168,25/06/2024,05:59AM,American Breakfast,Breakfast,11.0,2,1935,34,Male,Debit Card,22,11
169,07/06/2024,01:02AM,Cheesecake,Dessert,7.0,5,1760,64,Female,Cash,35,17
170,22/06/2024,02:39AM,Margherita Pizza,Main Course,13.0,2,1804,65,Male,Cash,26,13
171,26/06/2024,04:53PM,Cappuccino,Beverage,4.5,4,1894,19,Male,Cash,18,9
172,09/06/2024,10:32PM,Espresso,Beverage,3.0,5,1675,28,Male,Cash,15,7
173,07/06/2024,07:28AM,Caesar Salad,Salad,9.0,2,1049,65,Female,Cash,18,9
174,02/06/2024,01:53AM,Green Smoothie,Beverage,5.5,3,1813,52,Male,Cash,16,8
175,16/06/2024,07:43AM,Cheesecake,Dessert,7.0,1,1472,56,Male,Cash,7,3
176,13/06/2024,02:59PM,Cheesecake,Dessert,7.0,2,1580,64,Male,Credit Card,14,7
177,19/06/2024,10:33AM,Chicken Sandwich,Main Course,11.5,2,1704,51,Male,Debit Card,23,11
178,24/06/2024,07:13PM,Vegan Burger,Main Course,12.5,5,1859,65,Male,Credit Card,62,31
179,20/06/2024,06:42AM,Spaghetti Carbonara,Main Course,14.0,1,1464,51,Male,Credit Card,14,7
180,15/06/2024,01:41PM,Latte,Beverage,4.0,2,1840,61,Male,Credit Card,8,4
181,07/06/2024,01:00AM,Caesar Salad,Salad,9.0,3,1067,51,Male,Cash,27,13
182,04/06/2024,04:34AM,Grilled Salmon,Main Course,16.0,4,1209,45,Male,Cash,64,32
183,01/06/2024,05:27PM,Spaghetti Carbonara,Main Course,14.0,2,1917,26,Female,Debit Card,28,14
184,08/06/2024,07:50PM,Margherita Pizza,Main Course,13.0,2,1375,63,Male,Credit Card,26,13
185,30/06/2024,12:15PM,Grilled Salmon,Main Course,16.0,1,1414,54,Female,Debit Card,16,8
186,30/06/2024,01:37PM,Spaghetti Carbonara,Main Course,14.0,1,1301,23,Male,Cash,14,7
187,20/06/2024,12:01AM,Iced Tea,Beverage,2.5,3,1330,21,Female,Credit Card,7,4
188,25/06/2024,03:27AM,Spaghetti Carbonara,Main Course,14.0,4,1293,32,Female,Credit Card,56,28
189,16/06/2024,08:46PM,Cheesecake,Dessert,7.0,4,1699,48,Female,Debit Card,28,14
190,24/06/2024,01:58AM,American Breakfast,Breakfast,11.0,4,1610,27,Male,Debit Card,44,22
191,22/06/2024,05:52AM,Cappuccino,Beverage,4.5,1,1714,36,Female,Debit Card,4,2
192,11/06/2024,11:33PM,Greek Salad,Salad,9.5,4,1004,25,Female,Debit Card,38,19
193,16/06/2024,01:51PM,Cappuccino,Beverage,4.5,1,1344,64,Female,Debit Card,4,2
194,20/06/2024,05:58AM,Grilled Salmon,Main Course,16.0,1,1660,20,Male,Cash,16,8
195,08/06/2024,02:45PM,Margherita Pizza,Main Course,13.0,3,1939,24,Female,Debit Card,39,19
196,03/06/2024,12:45AM,Chocolate Cake,Dessert,7.5,2,1898,58,Male,Debit Card,15,7
197,29/06/2024,03:30AM,Iced Tea,Beverage,2.5,1,1046,20,Female,Debit Card,2,1
198,04/06/2024,04:52PM,Green Smoothie,Beverage,5.5,1,1100,21,Male,Credit Card,5,3
199,20/06/2024,01:34AM,Iced Tea,Beverage,2.5,2,1097,30,Male,Credit Card,5,2
200,12/06/2024,02:55PM,Chicken Sandwich,Main Course,11.5,5,1238,56,Female,Debit Card,57,29
201,22/06/2024,10:29PM,Spaghetti Carbonara,Main Course,14.0,1,1270,29,Female,Credit Card,14,7
202,17/06/2024,02:06AM,Chocolate Cake,Dessert,7.5,5,1471,24,Male,Debit Card,37,19
203,10/06/2024,11:20PM,Chicken Sandwich,Main Course,11.5,5,1646,30,Male,Debit Card,57,29
204,27/06/2024,12:37AM,Chocolate Cake,Dessert,7.5,5,1949,24,Male,Debit Card,37,19
205,20/06/2024,05:24PM,Spaghetti Carbonara,Main Course,14.0,5,1215,65,Female,Cash,70,35
206,11/06/2024,10:53AM,Caesar Salad,Salad,9.0,3,1946,23,Male,Cash,27,13
207,25/06/2024,01:35PM,Cappuccino,Beverage,4.5,1,1703,25,Male,Cash,4,2
208,23/06/2024,08:56PM,Margherita Pizza,Main Course,13.0,2,1759,47,Female,Credit Card,26,13
209,08/06/2024,01:18PM,Espresso,Beverage,3.0,3,1834,49,Female,Credit Card,9,4
210,14/06/2024,05:42PM,American Breakfast,Breakfast,11.0,4,1036,53,Male,Credit Card,44,22
211,21/06/2024,02:57PM,Grilled Salmon,Main Course,16.0,4,1160,21,Male,Cash,64,32
212,13/06/2024,07:27AM,American Breakfast,Breakfast,11.0,2,1337,58,Female,Debit Card,22,11
213,02/06/2024,09:24AM,Espresso,Beverage,3.0,1,1751,31,Male,Cash,3,1
214,11/06/2024,04:51AM,Latte,Beverage,4.0,2,1987,51,Male,Debit Card,8,4
215,13/06/2024,08:28PM,Iced Tea,Beverage,2.5,1,1213,64,Female,Debit Card,2,1
216,14/06/2024,02:33PM,American Breakfast,Breakfast,11.0,1,1791,24,Female,Debit Card,11,5
217,06/06/2024,06:08PM,Chicken Sandwich,Main Course,11.5,3,1464,29,Female,Debit Card,34,17
218,25/06/2024,01:30PM,Greek Salad,Salad,9.5,4,1364,20,Male,Debit Card,38,19
219,08/06/2024,06:37AM,Iced Tea,Beverage,2.5,1,1061,45,Male,Debit Card,2,1
220,12/06/2024,05:39PM,Iced Tea,Beverage,2.5,1,1392,50,Male,Cash,2,1
221,26/06/2024,01:10PM,Spaghetti Carbonara,Main Course,14.0,3,1834,44,Male,Credit Card,42,21
222,04/06/2024,08:18AM,Vegan Burger,Main Course,12.5,3,1495,48,Male,Credit Card,37,19
223,13/06/2024,12:21PM,Greek Salad,Salad,9.5,1,1496,61,Male,Cash,9,5
224,29/06/2024,07:34PM,Green Smoothie,Beverage,5.5,2,1764,58,Male,Credit Card,11,5
225,14/06/2024,12:37PM,Cappuccino,Beverage,4.5,4,1977,53,Male,Credit Card,18,9
226,21/06/2024,04:52AM,Latte,Beverage,4.0,5,1291,58,Male,Debit Card,20,10
227,16/06/2024,08:21PM,Spaghetti Carbonara,Main Course,14.0,4,1898,18,Female,Cash,56,28
228,23/06/2024,08:53AM,Espresso,Beverage,3.0,5,1363,26,Male,Credit Card,15,7
229,29/06/2024,07:16AM,Margherita Pizza,Main Course,13.0,4,1161,52,Female,Cash,52,26
230,01/06/2024,06:29PM,Spaghetti Carbonara,Main Course,14.0,2,1394,56,Male,Debit Card,28,14
231,08/06/2024,05:36PM,Spaghetti Carbonara,Main Course,14.0,5,1723,41,Male,Credit Card,70,35
232,08/06/2024,08:08PM,Spaghetti Carbonara,Main Course,14.0,2,1926,61,Female,Credit Card,28,14
233,10/06/2024,01:39PM,Iced Tea,Beverage,2.5,1,1058,53,Male,Cash,2,1
234,25/06/2024,12:37AM,Iced Tea,Beverage,2.5,5,1987,33,Female,Cash,12,6
235,08/06/2024,11:40AM,Green Smoothie,Beverage,5.5,3,1353,30,Female,Credit Card,16,8
236,18/06/2024,01:01PM,Margherita Pizza,Main Course,13.0,3,1879,55,Male,Cash,39,19
237,29/06/2024,08:04PM,Vegan Burger,Main Course,12.5,2,1063,34,Female,Debit Card,25,12
238,21/06/2024,05:29PM,Vegan Burger,Main Course,12.5,4,1914,39,Male,Cash,50,25
239,09/06/2024,01:19PM,Caesar Salad,Salad,9.0,4,1132,52,Female,Credit Card,36,18
240,07/06/2024,01:45AM,Chocolate Cake,Dessert,7.5,4,1958,64,Female,Cash,30,15
241,07/06/2024,03:16AM,Greek Salad,Salad,9.5,1,1151,60,Female,Debit Card,9,5
242,26/06/2024,04:25PM,Cheesecake,Dessert,7.0,2,1258,21,Female,Debit Card,14,7
243,29/06/2024,02:23AM,Cappuccino,Beverage,4.5,4,1810,62,Female,Debit Card,18,9
244,28/06/2024,04:53AM,Latte,Beverage,4.0,2,1928,20,Male,Debit Card,8,4
245,10/06/2024,08:47AM,American Breakfast,Breakfast,11.0,2,1096,54,Male,Credit Card,22,11
246,24/06/2024,08:18PM,Spaghetti Carbonara,Main Course,14.0,5,1257,52,Male,Credit Card,70,35
247,22/06/2024,05:41AM,Greek Salad,Salad,9.5,3,1224,20,Female,Credit Card,28,14
248,23/06/2024,04:55PM,Latte,Beverage,4.0,2,1061,63,Male,Credit Card,8,4
249,26/06/2024,02:34AM,Chicken Sandwich,Main Course,11.5,4,1193,29,Female,Credit Card,46,23
250,11/06/2024,06:41PM,Chicken Sandwich,Main Course,11.5,4,1104,34,Female,Credit Card,46,23
251,01/06/2024,06:07AM,Iced Tea,Beverage,2.5,5,1595,49,Male,Credit Card,12,6
252,25/06/2024,01:09PM,Caesar Salad,Salad,9.0,5,1040,53,Male,Debit Card,45,22
253,29/06/2024,12:48AM,Chocolate Cake,Dessert,7.5,2,1092,39,Female,Debit Card,15,7
254,29/06/2024,07:20PM,Spaghetti Carbonara,Main Course,14.0,1,1414,28,Female,Cash,14,7
255,19/06/2024,08:06AM,Cappuccino,Beverage,4.5,5,1727,38,Female,Cash,22,11
256,10/06/2024,09:59PM,Green Smoothie,Beverage,5.5,3,1545,27,Female,Cash,16,8
257,21/06/2024,08:34AM,Cheesecake,Dessert,7.0,5,1970,24,Male,Cash,35,17
258,22/06/2024,11:24PM,Latte,Beverage,4.0,3,1816,51,Female,Credit Card,12,6
259,13/06/2024,09:13AM,Cappuccino,Beverage,4.5,2,1327,30,Male,Cash,9,4
260,11/06/2024,11:43AM,Vegan Burger,Main Course,12.5,3,1760,43,Male,Credit Card,37,19
261,11/06/2024,11:46AM,Grilled Salmon,Main Course,16.0,1,1742,18,Male,Cash,16,8
262,25/06/2024,12:17AM,Greek Salad,Salad,9.5,4,1279,59,Male,Credit Card,38,19
263,20/06/2024,03:23PM,Cheesecake,Dessert,7.0,2,1342,38,Female,Cash,14,7
264,26/06/2024,12:18PM,Iced Tea,Beverage,2.5,3,1686,61,Female,Debit Card,7,4
265,07/06/2024,07:41AM,Chocolate Cake,Dessert,7.5,4,1441,30,Male,Debit Card,30,15
266,25/06/2024,01:57PM,Greek Salad,Salad,9.5,2,1959,63,Male,Debit Card,19,9
267,23/06/2024,02:48PM,Cappuccino,Beverage,4.5,4,1253,60,Female,Debit Card,18,9
268,26/06/2024,10:31AM,Iced Tea,Beverage,2.5,1,1586,32,Male,Credit Card,2,1
269,20/06/2024,04:05AM,Greek Salad,Salad,9.5,5,1926,35,Female,Debit Card,47,24
270,29/06/2024,05:09PM,Greek Salad,Salad,9.5,2,1725,58,Male,Cash,19,9
271,24/06/2024,05:56PM,Cappuccino,Beverage,4.5,4,1868,41,Male,Cash,18,9
272,25/06/2024,08:15PM,Grilled Salmon,Main Course,16.0,2,1203,33,Male,Debit Card,32,16
273,09/06/2024,12:50PM,Latte,Beverage,4.0,2,1044,43,Female,Credit Card,8,4
274,09/06/2024,07:15AM,Greek Salad,Salad,9.5,1,1652,43,Female,Credit Card,9,5
275,05/06/2024,10:57AM,Margherita Pizza,Main Course,13.0,1,1838,37,Male,Cash,13,6
276,23/06/2024,09:13AM,Vegan Burger,Main Course,12.5,3,1508,30,Female,Cash,37,19
277,14/06/2024,05:58AM,Spaghetti Carbonara,Main Course,14.0,4,1581,25,Male,Debit Card,56,28
278,14/06/2024,03:42PM,Caesar Salad,Salad,9.0,3,1951,26,Male,Cash,27,13
279,06/06/2024,10:55PM,Iced Tea,Beverage,2.5,2,1912,58,Male,Credit Card,5,2
280,27/06/2024,06:59AM,Chocolate Cake,Dessert,7.5,4,1943,24,Female,Debit Card,30,15
281,01/06/2024,03:36PM,Espresso,Beverage,3.0,3,1125,51,Female,Cash,9,4
282,26/06/2024,12:52PM,Cappuccino,Beverage,4.5,1,1698,55,Male,Debit Card,4,2
283,10/06/2024,02:20PM,Margherita Pizza,Main Course,13.0,3,1563,18,Male,Cash,39,19
284,17/06/2024,12:35AM,Espresso,Beverage,3.0,4,1009,61,Female,Credit Card,12,6
285,26/06/2024,12:06AM,Latte,Beverage,4.0,1,1028,54,Female,Cash,4,2
286,17/06/2024,03:09AM,Margherita Pizza,Main Course,13.0,3,1705,25,Male,Cash,39,19
287,29/06/2024,12:35AM,Cheesecake,Dessert,7.0,2,1306,41,Male,Credit Card,14,7
288,26/06/2024,02:12AM,Spaghetti Carbonara,Main Course,14.0,2,1042,37,Male,Credit Card,28,14
289,27/06/2024,11:24AM,Caesar Salad,Salad,9.0,4,1913,26,Female,Cash,36,18
290,21/06/2024,04:43AM,Caesar Salad,Salad,9.0,5,1218,18,Female,Credit Card,45,22
291,07/06/2024,07:33PM,Green Smoothie,Beverage,5.5,5,1724,51,Male,Credit Card,27,14
292,28/06/2024,05:51AM,Spaghetti Carbonara,Main Course,14.0,5,1690,19,Female,Debit Card,70,35
293,21/06/2024,11:43AM,Margherita Pizza,Main Course,13.0,5,1678,45,Female,Debit Card,65,32
294,26/06/2024,03:34PM,Spaghetti Carbonara,Main Course,14.0,4,1313,27,Female,Debit Card,56,28
295,09/06/2024,03:48AM,Latte,Beverage,4.0,4,1843,47,Female,Cash,16,8
296,20/06/2024,08:05PM,Grilled Salmon,Main Course,16.0,5,1331,18,Female,Credit Card,80,40
297,06/06/2024,10:28AM,Cappuccino,Beverage,4.5,4,1532,33,Male,Credit Card,18,9
298,18/06/2024,05:36AM,Margherita Pizza,Main Course,13.0,1,1935,38,Male,Credit Card,13,6
299,30/06/2024,07:10AM,Chocolate Cake,Dessert,7.5,1,1334,25,Female,Credit Card,7,4
300,29/06/2024,03:49AM,Chocolate Cake,Dessert,7.5,2,1918,25,Male,Cash,15,7
301,17/06/2024,02:03PM,Iced Tea,Beverage,2.5,4,1728,51,Female,Credit Card,10,5
302,05/06/2024,03:34AM,Grilled Salmon,Main Course,16.0,2,1406,49,Female,Cash,32,16
303,25/06/2024,04:17AM,Caesar Salad,Salad,9.0,4,1569,24,Female,Credit Card,36,18
304,20/06/2024,08:08AM,Latte,Beverage,4.0,5,1710,64,Female,Credit Card,20,10
305,03/06/2024,04:24AM,Cappuccino,Beverage,4.5,5,1985,56,Female,Cash,22,11
306,25/06/2024,09:43AM,Spaghetti Carbonara,Main Course,14.0,3,1408,33,Female,Debit Card,42,21
307,14/06/2024,02:43PM,Latte,Beverage,4.0,2,1307,29,Female,Cash,8,4
308,01/06/2024,04:27PM,Cappuccino,Beverage,4.5,2,1666,28,Female,Cash,9,4
309,02/06/2024,07:45PM,Iced Tea,Beverage,2.5,5,1386,18,Male,Credit Card,12,6
310,04/06/2024,08:58AM,Margherita Pizza,Main Course,13.0,1,1276,18,Male,Credit Card,13,6
311,10/06/2024,10:52PM,Margherita Pizza,Main Course,13.0,2,1141,30,Male,Credit Card,26,13
312,01/06/2024,12:27AM,Greek Salad,Salad,9.5,2,1716,47,Female,Debit Card,19,9
313,05/06/2024,02:41PM,Espresso,Beverage,3.0,3,1303,18,Female,Credit Card,9,4
314,21/06/2024,11:07AM,Cappuccino,Beverage,4.5,1,1098,22,Male,Credit Card,4,2
315,25/06/2024,08:30AM,Caesar Salad,Salad,9.0,5,1471,51,Male,Cash,45,22
316,08/06/2024,09:10PM,Chicken Sandwich,Main Course,11.5,2,1061,37,Male,Credit Card,23,11
317,23/06/2024,01:49AM,Margherita Pizza,Main Course,13.0,5,1700,18,Female,Credit Card,65,32
318,25/06/2024,09:11PM,Chicken Sandwich,Main Course,11.5,2,1214,21,Female,Cash,23,11
319,21/06/2024,04:31AM,Chocolate Cake,Dessert,7.5,4,1774,39,Female,Credit Card,30,15
320,13/06/2024,05:09AM,Greek Salad,Salad,9.5,3,1080,21,Male,Debit Card,28,14
321,18/06/2024,08:52PM,Greek Salad,Salad,9.5,5,1473,39,Female,Cash,47,24
322,10/06/2024,01:27AM,Caesar Salad,Salad,9.0,4,1474,63,Male,Debit Card,36,18
323,06/06/2024,05:38AM,American Breakfast,Breakfast,11.0,2,1847,42,Female,Credit Card,22,11
324,07/06/2024,11:49PM,Vegan Burger,Main Course,12.5,1,1809,37,Female,Cash,12,6
325,29/06/2024,04:16PM,American Breakfast,Breakfast,11.0,3,1051,53,Male,Debit Card,33,16
326,09/06/2024,10:27AM,Greek Salad,Salad,9.5,4,1610,27,Male,Debit Card,38,19
327,16/06/2024,09:03AM,Cappuccino,Beverage,4.5,2,1719,63,Male,Credit Card,9,4
328,17/06/2024,11:04AM,Greek Salad,Salad,9.5,3,1062,18,Female,Credit Card,28,14
329,21/06/2024,07:14PM,Green Smoothie,Beverage,5.5,5,1264,43,Male,Debit Card,27,14
330,13/06/2024,03:54PM,Iced Tea,Beverage,2.5,1,1512,41,Female,Cash,2,1
331,28/06/2024,11:11AM,Latte,Beverage,4.0,4,1773,38,Male,Cash,16,8
332,21/06/2024,01:16AM,Spaghetti Carbonara,Main Course,14.0,2,1181,53,Male,Credit Card,28,14
333,08/06/2024,05:41AM,Espresso,Beverage,3.0,3,1231,57,Male,Cash,9,4
334,21/06/2024,05:35AM,American Breakfast,Breakfast,11.0,2,1658,43,Female,Credit Card,22,11
335,07/06/2024,05:32AM,Espresso,Beverage,3.0,2,1350,33,Male,Debit Card,6,3
336,20/06/2024,01:28AM,Iced Tea,Beverage,2.5,1,1465,19,Male,Debit Card,2,1
337,18/06/2024,11:55AM,Green Smoothie,Beverage,5.5,2,1160,49,Male,Debit Card,11,5
338,29/06/2024,05:51AM,Greek Salad,Salad,9.5,5,1660,47,Female,Credit Card,47,24
339,17/06/2024,06:11PM,Greek Salad,Salad,9.5,3,1493,43,Male,Cash,28,14
340,01/06/2024,01:08PM,Green Smoothie,Beverage,5.5,5,1250,31,Male,Credit Card,27,14
341,02/06/2024,10:45PM,Grilled Salmon,Main Course,16.0,1,1590,50,Male,Credit Card,16,8
342,17/06/2024,02:04AM,Greek Salad,Salad,9.5,1,1916,25,Female,Cash,9,5
343,02/06/2024,10:44PM,Greek Salad,Salad,9.5,2,1322,48,Female,Debit Card,19,9
344,13/06/2024,05:20PM,Cheesecake,Dessert,7.0,5,1117,53,Female,Credit Card,35,17
345,24/06/2024,10:07PM,Chocolate Cake,Dessert,7.5,4,1934,31,Female,Debit Card,30,15
346,17/06/2024,02:43PM,Caesar Salad,Salad,9.0,2,1445,60,Female,Cash,18,9
347,03/06/2024,03:51AM,Margherita Pizza,Main Course,13.0,4,1732,62,Female,Debit Card,52,26
348,18/06/2024,04:23AM,Latte,Beverage,4.0,4,1875,46,Female,Cash,16,8
349,02/06/2024,05:31PM,Cheesecake,Dessert,7.0,4,1471,35,Female,Cash,28,14
350,05/06/2024,02:08PM,Spaghetti Carbonara,Main Course,14.0,1,1747,50,Female,Cash,14,7
351,12/06/2024,07:29AM,Chicken Sandwich,Main Course,11.5,3,1701,41,Male,Debit Card,34,17
352,25/06/2024,06:32PM,Caesar Salad,Salad,9.0,2,1669,63,Female,Credit Card,18,9
353,13/06/2024,08:04AM,Cappuccino,Beverage,4.5,4,1839,48,Male,Debit Card,18,9
354,10/06/2024,08:32PM,Green Smoothie,Beverage,5.5,1,1791,22,Female,Debit Card,5,3
355,29/06/2024,01:55PM,Espresso,Beverage,3.0,3,1359,40,Male,Credit Card,9,4
356,06/06/2024,09:58AM,Cheesecake,Dessert,7.0,2,1775,51,Male,Debit Card,14,7
357,10/06/2024,10:22PM,Cappuccino,Beverage,4.5,5,1787,39,Male,Credit Card,22,11
358,10/06/2024,11:06AM,Chicken Sandwich,Main Course,11.5,2,1982,41,Female,Cash,23,11
359,06/06/2024,02:23AM,Greek Salad,Salad,9.5,2,1863,61,Male,Debit Card,19,9
360,28/06/2024,11:10AM,Espresso,Beverage,3.0,5,1298,43,Female,Debit Card,15,7
361,16/06/2024,11:37PM,Margherita Pizza,Main Course,13.0,4,1688,36,Male,Debit Card,52,26
362,16/06/2024,10:12PM,Iced Tea,Beverage,2.5,5,1670,38,Female,Credit Card,12,6
363,03/06/2024,10:26AM,American Breakfast,Breakfast,11.0,3,1150,42,Male,Debit Card,33,16
364,04/06/2024,08:52PM,Iced Tea,Beverage,2.5,4,1860,57,Male,Credit Card,10,5
365,27/06/2024,07:12AM,Latte,Beverage,4.0,5,1701,55,Female,Credit Card,20,10
366,27/06/2024,07:09PM,Iced Tea,Beverage,2.5,3,1513,40,Male,Credit Card,7,4
367,03/06/2024,07:12PM,Latte,Beverage,4.0,3,1492,63,Female,Debit Card,12,6
368,29/06/2024,09:17AM,Spaghetti Carbonara,Main Course,14.0,2,1860,50,Female,Credit Card,28,14
369,23/06/2024,09:09AM,Cappuccino,Beverage,4.5,4,1001,34,Male,Credit Card,18,9
370,03/06/2024,03:29PM,Iced Tea,Beverage,2.5,2,1308,59,Female,Cash,5,2
371,16/06/2024,08:40PM,Vegan Burger,Main Course,12.5,4,1229,58,Male,Credit Card,50,25
372,02/06/2024,03:45PM,Margherita Pizza,Main Course,13.0,1,1849,25,Female,Debit Card,13,6
373,15/06/2024,12:23PM,Chocolate Cake,Dessert,7.5,3,1001,59,Male,Credit Card,22,11
374,23/06/2024,03:34AM,Vegan Burger,Main Course,12.5,2,1211,36,Male,Credit Card,25,12
375,03/06/2024,02:42PM,Vegan Burger,Main Course,12.5,3,1578,19,Female,Debit Card,37,19
376,09/06/2024,01:00AM,Cheesecake,Dessert,7.0,4,1889,56,Female,Credit Card,28,14
377,29/06/2024,11:57AM,American Breakfast,Breakfast,11.0,4,1672,23,Female,Credit Card,44,22
378,07/06/2024,05:44PM,Latte,Beverage,4.0,2,1577,51,Female,Credit Card,8,4
379,30/06/2024,06:05PM,Green Smoothie,Beverage,5.5,5,1415,56,Male,Cash,27,14
380,30/06/2024,01:30AM,Chicken Sandwich,Main Course,11.5,2,1265,18,Female,Credit Card,23,11
381,09/06/2024,10:37AM,Iced Tea,Beverage,2.5,4,1383,45,Male,Debit Card,10,5
382,04/06/2024,12:00PM,Chicken Sandwich,Main Course,11.5,5,1514,27,Female,Cash,57,29
383,02/06/2024,06:29AM,Vegan Burger,Main Course,12.5,3,1569,65,Female,Debit Card,37,19
384,22/06/2024,02:22PM,Caesar Salad,Salad,9.0,2,1702,57,Male,Cash,18,9
385,26/06/2024,05:39PM,Chicken Sandwich,Main Course,11.5,5,1938,55,Male,Debit Card,57,29
386,12/06/2024,05:07PM,Greek Salad,Salad,9.5,5,1365,27,Male,Credit Card,47,24
387,09/06/2024,02:47AM,Spaghetti Carbonara,Main Course,14.0,3,1066,60,Male,Credit Card,42,21
388,28/06/2024,01:48PM,Greek Salad,Salad,9.5,1,1026,49,Female,Cash,9,5
389,29/06/2024,07:09PM,Caesar Salad,Salad,9.0,5,1724,32,Female,Cash,45,22
390,29/06/2024,05:33AM,Iced Tea,Beverage,2.5,4,1119,30,Female,Debit Card,10,5
391,11/06/2024,05:23PM,Spaghetti Carbonara,Main Course,14.0,3,1126,59,Female,Credit Card,42,21
392,07/06/2024,08:06PM,Spaghetti Carbonara,Main Course,14.0,3,1212,36,Female,Cash,42,21
393,13/06/2024,02:51AM,Green Smoothie,Beverage,5.5,5,1365,48,Male,Debit Card,27,14
394,05/06/2024,11:00PM,Chicken Sandwich,Main Course,11.5,2,1576,19,Female,Cash,23,11
395,11/06/2024,05:56PM,Iced Tea,Beverage,2.5,1,1059,52,Female,Credit Card,2,1
396,01/06/2024,07:27PM,Spaghetti Carbonara,Main Course,14.0,5,1191,40,Female,Credit Card,70,35
397,19/06/2024,04:33AM,Espresso,Beverage,3.0,3,1557,34,Male,Debit Card,9,4
398,12/06/2024,12:37AM,Green Smoothie,Beverage,5.5,5,1201,26,Male,Credit Card,27,14
399,02/06/2024,08:43PM,Espresso,Beverage,3.0,3,1588,21,Female,Credit Card,9,4
400,21/06/2024,10:03PM,Spaghetti Carbonara,Main Course,14.0,3,1675,49,Male,Cash,42,21
401,17/06/2024,03:18AM,Spaghetti Carbonara,Main Course,14.0,2,1870,54,Female,Debit Card,28,14
402,12/06/2024,11:27AM,Iced Tea,Beverage,2.5,4,1220,35,Female,Credit Card,10,5
403,30/06/2024,11:06AM,Spaghetti Carbonara,Main Course,14.0,1,1542,46,Female,Credit Card,14,7
404,03/06/2024,04:48PM,Margherita Pizza,Main Course,13.0,2,1383,31,Female,Debit Card,26,13
405,30/06/2024,01:34AM,Chocolate Cake,Dessert,7.5,4,1798,29,Female,Credit Card,30,15
406,25/06/2024,05:35PM,Margherita Pizza,Main Course,13.0,4,1599,35,Female,Credit Card,52,26
407,18/06/2024,09:30AM,Chicken Sandwich,Main Course,11.5,2,1112,18,Male,Debit Card,23,11
408,15/06/2024,11:04AM,Margherita Pizza,Main Course,13.0,3,1803,61,Male,Credit Card,39,19
409,22/06/2024,05:24PM,Iced Tea,Beverage,2.5,4,1502,64,Female,Debit Card,10,5
410,03/06/2024,11:16AM,Latte,Beverage,4.0,5,1855,58,Male,Credit Card,20,10
411,19/06/2024,11:59PM,Margherita Pizza,Main Course,13.0,3,1206,56,Male,Debit Card,39,19
412,25/06/2024,08:18PM,Greek Salad,Salad,9.5,4,1438,24,Female,Cash,38,19
413,18/06/2024,07:52PM,Greek Salad,Salad,9.5,4,1942,65,Female,Debit Card,38,19
414,17/06/2024,06:16PM,Cappuccino,Beverage,4.5,5,1689,50,Male,Credit Card,22,11
415,06/06/2024,02:41AM,Cheesecake,Dessert,7.0,3,1873,30,Male,Credit Card,21,10
416,10/06/2024,08:08PM,Espresso,Beverage,3.0,5,1627,35,Male,Credit Card,15,7
417,08/06/2024,07:31PM,American Breakfast,Breakfast,11.0,5,1799,23,Male,Debit Card,55,27
418,10/06/2024,11:47PM,Margherita Pizza,Main Course,13.0,2,1798,54,Female,Debit Card,26,13
419,26/06/2024,01:09AM,Caesar Salad,Salad,9.0,2,1540,38,Female,Credit Card,18,9
420,13/06/2024,05:55PM,Chicken Sandwich,Main Course,11.5,4,1720,35,Male,Cash,46,23
421,20/06/2024,10:03AM,Iced Tea,Beverage,2.5,3,1693,38,Male,Debit Card,7,4
422,06/06/2024,01:58PM,Green Smoothie,Beverage,5.5,1,1022,25,Male,Debit Card,5,3
423,20/06/2024,07:56PM,Margherita Pizza,Main Course,13.0,2,1567,44,Female,Debit Card,26,13
424,29/06/2024,12:19AM,Chocolate Cake,Dessert,7.5,3,1917,63,Female,Credit Card,22,11
425,20/06/2024,12:16AM,Margherita Pizza,Main Course,13.0,5,1541,54,Male,Debit Card,65,32
426,30/06/2024,11:54PM,Green Smoothie,Beverage,5.5,2,1672,31,Female,Cash,11,5
427,09/06/2024,06:22PM,Vegan Burger,Main Course,12.5,1,1196,64,Female,Cash,12,6
428,16/06/2024,07:33AM,Espresso,Beverage,3.0,5,1830,37,Female,Debit Card,15,7
429,08/06/2024,07:29PM,Chicken Sandwich,Main Course,11.5,3,1885,45,Female,Cash,34,17
430,07/06/2024,11:47PM,Cheesecake,Dessert,7.0,5,1204,43,Female,Debit Card,35,17
431,10/06/2024,04:49AM,Spaghetti Carbonara,Main Course,14.0,2,1451,42,Female,Cash,28,14
432,17/06/2024,03:30PM,Chicken Sandwich,Main Course,11.5,2,1014,31,Male,Cash,23,11
433,18/06/2024,10:30AM,Latte,Beverage,4.0,4,1246,35,Male,Cash,16,8
434,08/06/2024,10:30PM,Margherita Pizza,Main Course,13.0,5,1822,55,Female,Debit Card,65,32
435,19/06/2024,11:42PM,Chicken Sandwich,Main Course,11.5,1,1109,61,Male,Cash,11,6
436,10/06/2024,10:57AM,Spaghetti Carbonara,Main Course,14.0,5,1478,39,Female,Cash,70,35
437,23/06/2024,05:32AM,Chicken Sandwich,Main Course,11.5,3,1526,18,Female,Cash,34,17
438,11/06/2024,04:41PM,Chocolate Cake,Dessert,7.5,1,1274,30,Female,Debit Card,7,4
439,17/06/2024,01:21PM,Greek Salad,Salad,9.5,4,1948,56,Female,Debit Card,38,19
440,12/06/2024,02:01PM,Greek Salad,Salad,9.5,1,1376,52,Female,Debit Card,9,5
441,02/06/2024,10:24AM,Green Smoothie,Beverage,5.5,1,1522,18,Female,Credit Card,5,3
442,19/06/2024,10:13AM,Vegan Burger,Main Course,12.5,2,1798,31,Male,Debit Card,25,12
443,13/06/2024,02:19PM,Cappuccino,Beverage,4.5,3,1114,63,Male,Cash,13,7
444,13/06/2024,10:51AM,Chicken Sandwich,Main Course,11.5,3,1345,35,Male,Credit Card,34,17
445,30/06/2024,10:57PM,Margherita Pizza,Main Course,13.0,4,1336,65,Male,Credit Card,52,26
446,19/06/2024,08:15PM,Green Smoothie,Beverage,5.5,3,1269,18,Female,Credit Card,16,8
447,22/06/2024,05:20AM,Iced Tea,Beverage,2.5,4,1428,21,Male,Debit Card,10,5
448,30/06/2024,10:05AM,Cheesecake,Dessert,7.0,1,1666,28,Female,Cash,7,3
449,10/06/2024,10:04AM,Greek Salad,Salad,9.5,3,1629,30,Male,Cash,28,14
450,16/06/2024,12:29AM,Vegan Burger,Main Course,12.5,5,1730,51,Male,Cash,62,31
451,05/06/2024,09:07AM,Latte,Beverage,4.0,3,1152,48,Male,Credit Card,12,6
452,04/06/2024,10:08AM,Vegan Burger,Main Course,12.5,2,1863,25,Male,Credit Card,25,12
453,18/06/2024,04:35AM,Espresso,Beverage,3.0,2,1169,65,Male,Debit Card,6,3
454,01/06/2024,04:55PM,Greek Salad,Salad,9.5,2,1672,48,Female,Credit Card,19,9
455,16/06/2024,12:19AM,Chocolate Cake,Dessert,7.5,5,1283,37,Female,Credit Card,37,19
456,28/06/2024,05:32PM,Cheesecake,Dessert,7.0,5,1906,22,Female,Credit Card,35,17
457,17/06/2024,10:23AM,Spaghetti Carbonara,Main Course,14.0,1,1474,61,Female,Credit Card,14,7
458,12/06/2024,05:32PM,Iced Tea,Beverage,2.5,3,1500,23,Male,Cash,7,4
459,21/06/2024,12:20AM,Chocolate Cake,Dessert,7.5,5,1637,54,Female,Cash,37,19
460,28/06/2024,01:05AM,Margherita Pizza,Main Course,13.0,2,1906,21,Male,Cash,26,13
461,02/06/2024,10:02AM,American Breakfast,Breakfast,11.0,3,1770,33,Female,Debit Card,33,16
462,18/06/2024,03:27PM,Spaghetti Carbonara,Main Course,14.0,1,1326,38,Male,Debit Card,14,7
463,12/06/2024,05:16AM,Chicken Sandwich,Main Course,11.5,4,1988,65,Male,Debit Card,46,23
464,15/06/2024,08:00PM,Chicken Sandwich,Main Course,11.5,5,1057,43,Female,Credit Card,57,29
465,19/06/2024,04:40PM,American Breakfast,Breakfast,11.0,4,1760,43,Female,Debit Card,44,22
466,21/06/2024,09:34PM,Iced Tea,Beverage,2.5,1,1450,51,Male,Debit Card,2,1
467,06/06/2024,09:56AM,Espresso,Beverage,3.0,1,1173,32,Female,Cash,3,1
468,16/06/2024,09:51AM,American Breakfast,Breakfast,11.0,2,1623,31,Female,Debit Card,22,11
469,26/06/2024,06:00AM,Grilled Salmon,Main Course,16.0,2,1978,29,Female,Debit Card,32,16
470,15/06/2024,08:58AM,Green Smoothie,Beverage,5.5,4,1018,33,Male,Credit Card,22,11
471,19/06/2024,05:33AM,Caesar Salad,Salad,9.0,3,1331,61,Male,Credit Card,27,13
472,27/06/2024,10:21PM,Chicken Sandwich,Main Course,11.5,5,1640,46,Female,Cash,57,29
473,03/06/2024,11:25AM,Spaghetti Carbonara,Main Course,14.0,2,1007,35,Male,Cash,28,14
474,14/06/2024,01:08AM,Greek Salad,Salad,9.5,4,1526,30,Male,Cash,38,19
475,01/06/2024,06:33PM,American Breakfast,Breakfast,11.0,4,1568,33,Female,Credit Card,44,22
476,24/06/2024,07:56AM,Chicken Sandwich,Main Course,11.5,3,1946,64,Male,Debit Card,34,17
477,01/06/2024,01:16PM,American Breakfast,Breakfast,11.0,2,1358,38,Male,Cash,22,11
478,16/06/2024,04:13PM,Margherita Pizza,Main Course,13.0,4,1674,65,Male,Credit Card,52,26
479,11/06/2024,06:39AM,Greek Salad,Salad,9.5,3,1816,18,Male,Credit Card,28,14
480,04/06/2024,01:16AM,Chocolate Cake,Dessert,7.5,5,1210,55,Male,Credit Card,37,19
481,24/06/2024,10:13AM,Iced Tea,Beverage,2.5,3,1318,31,Male,Debit Card,7,4
482,12/06/2024,02:38PM,Spaghetti Carbonara,Main Course,14.0,5,1886,47,Male,Debit Card,70,35
483,13/06/2024,11:25PM,Latte,Beverage,4.0,4,1792,49,Female,Credit Card,16,8
484,10/06/2024,11:16PM,Espresso,Beverage,3.0,2,1457,41,Male,Cash,6,3
485,10/06/2024,02:07AM,Latte,Beverage,4.0,5,1809,61,Female,Debit Card,20,10
486,24/06/2024,11:57AM,Green Smoothie,Beverage,5.5,3,1001,60,Male,Credit Card,16,8
487,28/06/2024,09:29AM,Iced Tea,Beverage,2.5,3,1320,24,Female,Debit Card,7,4
488,07/06/2024,09:22AM,Chocolate Cake,Dessert,7.5,1,1505,19,Female,Credit Card,7,4
489,18/06/2024,07:38AM,Greek Salad,Salad,9.5,3,1674,22,Male,Debit Card,28,14
490,17/06/2024,04:22PM,Vegan Burger,Main Course,12.5,3,1754,45,Male,Cash,37,19
491,20/06/2024,06:49AM,American Breakfast,Breakfast,11.0,5,1445,36,Male,Cash,55,27
492,27/06/2024,09:21AM,Cappuccino,Beverage,4.5,2,1605,31,Female,Debit Card,9,4
493,09/06/2024,11:45PM,Espresso,Beverage,3.0,2,1346,51,Male,Credit Card,6,3
494,21/06/2024,07:00PM,Vegan Burger,Main Course,12.5,5,1166,59,Male,Cash,62,31
495,11/06/2024,07:29AM,Cappuccino,Beverage,4.5,3,1946,43,Female,Credit Card,13,7
496,12/06/2024,07:36PM,Cheesecake,Dessert,7.0,5,1483,26,Male,Cash,35,17
497,08/06/2024,05:18AM,Greek Salad,Salad,9.5,3,1145,47,Male,Credit Card,28,14
498,18/06/2024,12:01PM,Chicken Sandwich,Main Course,11.5,5,1866,44,Male,Cash,57,29
499,05/06/2024,04:00AM,Cheesecake,Dessert,7.0,3,1258,33,Female,Debit Card,21,10
500,29/06/2024,02:52AM,Grilled Salmon,Main Course,16.0,4,1934,18,Female,Credit Card,64,32
501,18/06/2024,09:32PM,Espresso,Beverage,3.0,4,1870,30,Female,Cash,12,6
502,06/06/2024,02:14AM,Cappuccino,Beverage,4.5,3,1096,56,Female,Cash,13,7
503,10/06/2024,08:45PM,Latte,Beverage,4.0,1,1782,18,Male,Credit Card,4,2
504,26/06/2024,06:38AM,Latte,Beverage,4.0,4,1763,29,Male,Cash,16,8
505,09/06/2024,12:39AM,Latte,Beverage,4.0,1,1897,34,Male,Cash,4,2
506,11/06/2024,06:53PM,Cappuccino,Beverage,4.5,3,1250,41,Male,Credit Card,13,7
507,23/06/2024,08:36AM,Chocolate Cake,Dessert,7.5,5,1697,56,Female,Debit Card,37,19
508,06/06/2024,12:36AM,Cheesecake,Dessert,7.0,3,1447,53,Male,Debit Card,21,10
509,12/06/2024,05:54PM,Chicken Sandwich,Main Course,11.5,4,1445,20,Female,Credit Card,46,23
510,19/06/2024,12:42AM,American Breakfast,Breakfast,11.0,3,1612,41,Female,Debit Card,33,16
511,27/06/2024,10:24AM,Vegan Burger,Main Course,12.5,1,1954,56,Female,Debit Card,12,6
512,24/06/2024,06:09AM,Vegan Burger,Main Course,12.5,4,1788,24,Male,Cash,50,25
513,27/06/2024,11:57AM,Green Smoothie,Beverage,5.5,1,1845,58,Male,Cash,5,3
514,30/06/2024,03:40PM,Margherita Pizza,Main Course,13.0,2,1815,25,Male,Credit Card,26,13
515,23/06/2024,02:00AM,Chocolate Cake,Dessert,7.5,2,1683,35,Male,Cash,15,7
516,04/06/2024,04:19AM,Grilled Salmon,Main Course,16.0,3,1039,23,Female,Credit Card,48,24
517,24/06/2024,02:30AM,American Breakfast,Breakfast,11.0,1,1441,43,Female,Cash,11,5
518,28/06/2024,07:29PM,American Breakfast,Breakfast,11.0,3,1375,48,Female,Debit Card,33,16
519,03/06/2024,03:03PM,Espresso,Beverage,3.0,4,1732,18,Male,Debit Card,12,6
520,14/06/2024,03:08PM,Cheesecake,Dessert,7.0,1,1315,30,Male,Credit Card,7,3
521,08/06/2024,09:22AM,Iced Tea,Beverage,2.5,3,1442,23,Female,Credit Card,7,4
522,06/06/2024,10:22AM,Grilled Salmon,Main Course,16.0,4,1278,27,Female,Credit Card,64,32
523,04/06/2024,08:22AM,Latte,Beverage,4.0,2,1812,62,Female,Credit Card,8,4
524,23/06/2024,07:02PM,Cappuccino,Beverage,4.5,2,1382,53,Male,Credit Card,9,4
525,10/06/2024,09:17PM,Chicken Sandwich,Main Course,11.5,3,1697,53,Male,Credit Card,34,17
526,16/06/2024,03:37PM,American Breakfast,Breakfast,11.0,4,1932,45,Female,Credit Card,44,22
527,27/06/2024,02:13PM,Green Smoothie,Beverage,5.5,4,1739,37,Male,Cash,22,11
528,24/06/2024,07:52AM,Margherita Pizza,Main Course,13.0,3,1081,64,Female,Credit Card,39,19
529,30/06/2024,01:48AM,Greek Salad,Salad,9.5,1,1326,44,Male,Credit Card,9,5
530,16/06/2024,02:11PM,Vegan Burger,Main Course,12.5,4,1674,41,Male,Cash,50,25
531,20/06/2024,04:16AM,Chicken Sandwich,Main Course,11.5,5,1573,43,Female,Debit Card,57,29
532,10/06/2024,05:47PM,Cappuccino,Beverage,4.5,2,1255,18,Female,Cash,9,4
533,25/06/2024,07:03AM,Spaghetti Carbonara,Main Course,14.0,3,1166,22,Female,Credit Card,42,21
534,06/06/2024,03:20PM,Spaghetti Carbonara,Main Course,14.0,3,1431,34,Female,Credit Card,42,21
535,19/06/2024,02:59AM,Chicken Sandwich,Main Course,11.5,2,1078,51,Female,Debit Card,23,11
536,04/06/2024,06:07AM,American Breakfast,Breakfast,11.0,5,1136,23,Female,Cash,55,27
537,09/06/2024,07:41PM,Cheesecake,Dessert,7.0,2,1035,37,Female,Debit Card,14,7
538,25/06/2024,07:17PM,Vegan Burger,Main Course,12.5,4,1439,54,Female,Debit Card,50,25
539,04/06/2024,01:06AM,Greek Salad,Salad,9.5,2,1680,34,Female,Credit Card,19,9
540,15/06/2024,09:00PM,Greek Salad,Salad,9.5,5,1584,35,Male,Debit Card,47,24
541,20/06/2024,03:04AM,Cheesecake,Dessert,7.0,5,1134,30,Male,Debit Card,35,17
542,22/06/2024,02:36PM,Iced Tea,Beverage,2.5,2,1154,46,Female,Cash,5,2
543,21/06/2024,11:16AM,Espresso,Beverage,3.0,2,1180,63,Female,Cash,6,3
544,17/06/2024,01:22PM,Caesar Salad,Salad,9.0,2,1939,53,Female,Cash,18,9
545,24/06/2024,05:31PM,Espresso,Beverage,3.0,5,1502,40,Female,Debit Card,15,7
546,07/06/2024,11:16AM,Margherita Pizza,Main Course,13.0,3,1004,19,Female,Debit Card,39,19
547,15/06/2024,11:43PM,Latte,Beverage,4.0,1,1011,43,Female,Debit Card,4,2
548,28/06/2024,11:37PM,Vegan Burger,Main Course,12.5,5,1377,60,Female,Debit Card,62,31
549,05/06/2024,09:26AM,Green Smoothie,Beverage,5.5,1,1148,29,Male,Debit Card,5,3
550,14/06/2024,02:36PM,Cappuccino,Beverage,4.5,1,1664,23,Female,Credit Card,4,2
551,22/06/2024,08:17AM,Vegan Burger,Main Course,12.5,1,1343,18,Male,Debit Card,12,6
552,15/06/2024,10:29AM,American Breakfast,Breakfast,11.0,2,1122,54,Female,Debit Card,22,11
553,15/06/2024,05:29AM,Iced Tea,Beverage,2.5,3,1004,46,Male,Cash,7,4
554,16/06/2024,12:08AM,Green Smoothie,Beverage,5.5,5,1753,63,Male,Credit Card,27,14
555,19/06/2024,12:34AM,American Breakfast,Breakfast,11.0,4,1644,57,Female,Debit Card,44,22
556,08/06/2024,01:24AM,Vegan Burger,Main Course,12.5,2,1468,39,Female,Debit Card,25,12
557,26/06/2024,06:20PM,Green Smoothie,Beverage,5.5,4,1832,54,Male,Credit Card,22,11
558,05/06/2024,11:15AM,Margherita Pizza,Main Course,13.0,5,1867,53,Female,Credit Card,65,32
559,07/06/2024,08:25PM,Caesar Salad,Salad,9.0,1,1897,57,Female,Cash,9,4
560,20/06/2024,01:57PM,Latte,Beverage,4.0,3,1527,32,Female,Cash,12,6
561,16/06/2024,04:29AM,Greek Salad,Salad,9.5,5,1336,54,Male,Credit Card,47,24
562,28/06/2024,02:37PM,Margherita Pizza,Main Course,13.0,1,1482,53,Male,Cash,13,6
563,30/06/2024,09:26PM,Espresso,Beverage,3.0,4,1338,36,Male,Debit Card,12,6
564,16/06/2024,07:03PM,Iced Tea,Beverage,2.5,3,1756,63,Female,Credit Card,7,4
565,09/06/2024,12:05PM,Spaghetti Carbonara,Main Course,14.0,5,1523,18,Female,Debit Card,70,35
566,11/06/2024,10:09AM,Spaghetti Carbonara,Main Course,14.0,5,1569,42,Male,Credit Card,70,35
567,11/06/2024,03:42PM,Iced Tea,Beverage,2.5,3,1673,32,Female,Debit Card,7,4
568,19/06/2024,09:18PM,Greek Salad,Salad,9.5,1,1141,33,Male,Debit Card,9,5
569,30/06/2024,09:24PM,Grilled Salmon,Main Course,16.0,3,1513,63,Female,Cash,48,24
570,29/06/2024,04:16AM,Grilled Salmon,Main Course,16.0,2,1191,34,Female,Credit Card,32,16
571,10/06/2024,06:10AM,Green Smoothie,Beverage,5.5,3,1116,58,Female,Debit Card,16,8
572,23/06/2024,02:43AM,Caesar Salad,Salad,9.0,5,1576,46,Male,Credit Card,45,22
573,29/06/2024,07:07PM,Chicken Sandwich,Main Course,11.5,5,1250,32,Female,Debit Card,57,29
574,02/06/2024,02:37AM,Margherita Pizza,Main Course,13.0,2,1291,44,Male,Credit Card,26,13
575,25/06/2024,07:53PM,Chicken Sandwich,Main Course,11.5,2,1020,28,Female,Credit Card,23,11
576,30/06/2024,06:30PM,Cappuccino,Beverage,4.5,2,1844,40,Male,Cash,9,4
577,06/06/2024,10:38PM,Chicken Sandwich,Main Course,11.5,1,1336,33,Female,Credit Card,11,6
578,20/06/2024,11:12AM,Vegan Burger,Main Course,12.5,3,1993,28,Male,Cash,37,19
579,14/06/2024,10:33PM,Spaghetti Carbonara,Main Course,14.0,5,1343,30,Female,Cash,70,35
580,14/06/2024,06:50PM,Greek Salad,Salad,9.5,3,1898,37,Male,Debit Card,28,14
581,06/06/2024,08:59PM,Cheesecake,Dessert,7.0,2,1580,36,Female,Cash,14,7
582,18/06/2024,09:28AM,Cheesecake,Dessert,7.0,4,1438,44,Male,Debit Card,28,14
583,02/06/2024,02:23AM,American Breakfast,Breakfast,11.0,2,1453,41,Female,Debit Card,22,11
584,24/06/2024,06:38AM,Espresso,Beverage,3.0,4,1083,57,Male,Cash,12,6
585,08/06/2024,05:19PM,Caesar Salad,Salad,9.0,5,1448,31,Male,Debit Card,45,22
586,11/06/2024,08:33AM,Iced Tea,Beverage,2.5,1,1319,50,Female,Cash,2,1
587,21/06/2024,09:11AM,Vegan Burger,Main Course,12.5,3,1291,50,Male,Debit Card,37,19
588,25/06/2024,12:46AM,Espresso,Beverage,3.0,5,1034,58,Female,Credit Card,15,7
589,07/06/2024,12:30PM,Cheesecake,Dessert,7.0,2,2000,34,Male,Debit Card,14,7
590,19/06/2024,02:54AM,Green Smoothie,Beverage,5.5,1,1340,27,Female,Debit Card,5,3
591,23/06/2024,09:14PM,American Breakfast,Breakfast,11.0,3,1666,41,Male,Credit Card,33,16
592,08/06/2024,01:47AM,Cheesecake,Dessert,7.0,5,1682,64,Male,Debit Card,35,17
593,27/06/2024,06:49PM,Caesar Salad,Salad,9.0,2,1959,55,Male,Cash,18,9
594,10/06/2024,08:29PM,Espresso,Beverage,3.0,3,1313,63,Male,Debit Card,9,4
595,05/06/2024,12:53AM,Cheesecake,Dessert,7.0,1,1375,42,Female,Debit Card,7,3
596,17/06/2024,06:36AM,Chicken Sandwich,Main Course,11.5,1,1005,28,Male,Cash,11,6
597,23/06/2024,03:24PM,Green Smoothie,Beverage,5.5,2,1947,57,Female,Cash,11,5
598,06/06/2024,06:50PM,Iced Tea,Beverage,2.5,2,1997,35,Female,Debit Card,5,2
599,08/06/2024,09:36AM,Vegan Burger,Main Course,12.5,1,1534,33,Female,Cash,12,6
600,20/06/2024,10:26PM,Chicken Sandwich,Main Course,11.5,3,1516,48,Female,Credit Card,34,17
601,06/06/2024,09:22AM,Spaghetti Carbonara,Main Course,14.0,2,1864,26,Female,Debit Card,28,14
602,15/06/2024,10:10AM,Spaghetti Carbonara,Main Course,14.0,3,1399,23,Female,Credit Card,42,21
603,28/06/2024,06:52AM,Caesar Salad,Salad,9.0,1,1643,33,Female,Debit Card,9,4
604,17/06/2024,02:40PM,Cappuccino,Beverage,4.5,2,1495,58,Male,Cash,9,4
605,03/06/2024,01:24PM,Latte,Beverage,4.0,3,1743,53,Female,Cash,12,6
606,28/06/2024,12:57AM,Chocolate Cake,Dessert,7.5,3,1591,61,Male,Credit Card,22,11
607,15/06/2024,05:53PM,Chocolate Cake,Dessert,7.5,2,1217,28,Female,Credit Card,15,7
608,20/06/2024,04:57AM,Espresso,Beverage,3.0,2,1600,19,Male,Credit Card,6,3
609,01/06/2024,03:45PM,Iced Tea,Beverage,2.5,5,1246,54,Female,Debit Card,12,6
610,05/06/2024,12:32PM,Grilled Salmon,Main Course,16.0,3,1738,46,Male,Cash,48,24
611,11/06/2024,03:12PM,Cappuccino,Beverage,4.5,5,1171,45,Female,Cash,22,11
612,15/06/2024,02:49PM,Green Smoothie,Beverage,5.5,1,1040,26,Female,Debit Card,5,3
613,20/06/2024,06:50AM,Cappuccino,Beverage,4.5,2,1244,24,Female,Credit Card,9,4
614,02/06/2024,05:22AM,Vegan Burger,Main Course,12.5,2,1546,45,Male,Debit Card,25,12
615,30/06/2024,12:56PM,Cappuccino,Beverage,4.5,1,1306,26,Male,Debit Card,4,2
616,16/06/2024,11:54PM,American Breakfast,Breakfast,11.0,1,1470,30,Female,Credit Card,11,5
617,30/06/2024,07:53AM,Greek Salad,Salad,9.5,3,1659,18,Male,Credit Card,28,14
618,23/06/2024,07:45AM,Green Smoothie,Beverage,5.5,4,1046,51,Male,Debit Card,22,11
619,19/06/2024,12:50AM,Iced Tea,Beverage,2.5,1,1682,24,Male,Debit Card,2,1
620,10/06/2024,12:36PM,Grilled Salmon,Main Course,16.0,1,1003,21,Male,Credit Card,16,8
621,19/06/2024,02:19PM,Greek Salad,Salad,9.5,5,1642,27,Male,Credit Card,47,24
622,27/06/2024,05:48PM,Iced Tea,Beverage,2.5,2,1550,58,Male,Cash,5,2
623,17/06/2024,10:52PM,Latte,Beverage,4.0,2,1928,20,Male,Credit Card,8,4
624,07/06/2024,11:45AM,Latte,Beverage,4.0,2,1693,56,Male,Debit Card,8,4
625,29/06/2024,01:59AM,Vegan Burger,Main Course,12.5,5,1331,42,Male,Debit Card,62,31
626,06/06/2024,06:14AM,Vegan Burger,Main Course,12.5,5,1127,35,Male,Cash,62,31
627,12/06/2024,08:59PM,Spaghetti Carbonara,Main Course,14.0,4,1716,47,Female,Credit Card,56,28
628,04/06/2024,08:26PM,Greek Salad,Salad,9.5,1,1384,24,Female,Cash,9,5
629,21/06/2024,08:13PM,Iced Tea,Beverage,2.5,4,1402,63,Female,Cash,10,5
630,23/06/2024,10:43PM,Caesar Salad,Salad,9.0,5,1542,23,Female,Cash,45,22
631,19/06/2024,03:39PM,Chicken Sandwich,Main Course,11.5,1,1903,63,Male,Cash,11,6
632,02/06/2024,11:42AM,Grilled Salmon,Main Course,16.0,1,1781,33,Female,Debit Card,16,8
633,24/06/2024,04:30AM,Espresso,Beverage,3.0,3,1461,19,Female,Credit Card,9,4
634,04/06/2024,05:06PM,Caesar Salad,Salad,9.0,3,1587,44,Male,Cash,27,13
635,22/06/2024,02:02AM,Espresso,Beverage,3.0,3,1845,60,Male,Credit Card,9,4
636,29/06/2024,11:04AM,Cheesecake,Dessert,7.0,2,1725,61,Female,Cash,14,7
637,26/06/2024,10:27PM,Chicken Sandwich,Main Course,11.5,4,1266,62,Female,Debit Card,46,23
638,23/06/2024,08:17PM,Greek Salad,Salad,9.5,3,1144,22,Female,Credit Card,28,14
639,27/06/2024,05:11PM,Iced Tea,Beverage,2.5,2,1237,24,Female,Debit Card,5,2
640,11/06/2024,02:58AM,Cheesecake,Dessert,7.0,5,1693,44,Male,Debit Card,35,17
641,22/06/2024,02:16PM,Spaghetti Carbonara,Main Course,14.0,2,1385,65,Female,Cash,28,14
642,01/06/2024,11:45PM,Chocolate Cake,Dessert,7.5,3,1057,42,Male,Debit Card,22,11
643,22/06/2024,02:46PM,Grilled Salmon,Main Course,16.0,1,1007,37,Female,Debit Card,16,8
644,24/06/2024,06:33AM,Iced Tea,Beverage,2.5,5,1163,59,Male,Cash,12,6
645,19/06/2024,01:31AM,Margherita Pizza,Main Course,13.0,3,1094,31,Female,Debit Card,39,19
646,18/06/2024,01:44AM,Caesar Salad,Salad,9.0,1,1080,18,Male,Credit Card,9,4
647,27/06/2024,08:57PM,Latte,Beverage,4.0,4,1074,25,Male,Credit Card,16,8
648,16/06/2024,08:42AM,Chicken Sandwich,Main Course,11.5,4,1337,55,Male,Debit Card,46,23
649,03/06/2024,10:41PM,Cappuccino,Beverage,4.5,5,1065,58,Female,Debit Card,22,11
650,01/06/2024,01:23PM,Vegan Burger,Main Course,12.5,4,1740,18,Male,Debit Card,50,25
651,30/06/2024,12:18PM,Chicken Sandwich,Main Course,11.5,2,1060,25,Female,Credit Card,23,11
652,02/06/2024,10:44PM,Spaghetti Carbonara,Main Course,14.0,2,1572,36,Female,Cash,28,14
653,02/06/2024,02:38AM,Cheesecake,Dessert,7.0,1,1665,63,Male,Credit Card,7,3
654,08/06/2024,07:39PM,Margherita Pizza,Main Course,13.0,4,1954,59,Male,Cash,52,26
655,26/06/2024,09:03AM,Greek Salad,Salad,9.5,1,1438,29,Male,Debit Card,9,5
656,20/06/2024,01:21PM,Espresso,Beverage,3.0,2,1130,54,Male,Credit Card,6,3
657,14/06/2024,07:31AM,Cheesecake,Dessert,7.0,2,1930,27,Female,Debit Card,14,7
658,25/06/2024,01:58AM,Iced Tea,Beverage,2.5,2,1805,31,Female,Credit Card,5,2
659,13/06/2024,06:43PM,Green Smoothie,Beverage,5.5,2,1325,49,Male,Cash,11,5
660,07/06/2024,04:38AM,American Breakfast,Breakfast,11.0,1,1627,29,Male,Debit Card,11,5
661,08/06/2024,03:44PM,Espresso,Beverage,3.0,2,1758,49,Female,Cash,6,3
662,29/06/2024,10:26AM,Iced Tea,Beverage,2.5,2,1750,54,Male,Cash,5,2
663,03/06/2024,04:43AM,American Breakfast,Breakfast,11.0,5,1071,27,Female,Cash,55,27
664,22/06/2024,11:52PM,Cappuccino,Beverage,4.5,2,1034,59,Female,Credit Card,9,4
665,16/06/2024,10:43AM,Chicken Sandwich,Main Course,11.5,3,1702,26,Male,Debit Card,34,17
666,27/06/2024,12:45AM,Grilled Salmon,Main Course,16.0,5,1750,60,Female,Credit Card,80,40
667,22/06/2024,10:29PM,American Breakfast,Breakfast,11.0,2,1292,47,Male,Debit Card,22,11
668,29/06/2024,08:54PM,Green Smoothie,Beverage,5.5,4,1364,64,Male,Debit Card,22,11
669,24/06/2024,02:25PM,American Breakfast,Breakfast,11.0,5,2000,36,Female,Cash,55,27
670,01/06/2024,07:10AM,Chicken Sandwich,Main Course,11.5,4,1560,53,Female,Debit Card,46,23
671,12/06/2024,07:25PM,Greek Salad,Salad,9.5,1,1188,49,Female,Debit Card,9,5
672,18/06/2024,10:51PM,Latte,Beverage,4.0,2,1915,40,Female,Cash,8,4
673,21/06/2024,08:26PM,Cheesecake,Dessert,7.0,2,1609,25,Male,Cash,14,7
674,14/06/2024,03:03AM,Vegan Burger,Main Course,12.5,4,1733,26,Female,Debit Card,50,25
675,08/06/2024,11:15PM,Espresso,Beverage,3.0,4,1532,36,Male,Credit Card,12,6
676,24/06/2024,01:22PM,Cheesecake,Dessert,7.0,5,1342,24,Female,Credit Card,35,17
677,28/06/2024,12:07AM,Greek Salad,Salad,9.5,1,1015,38,Female,Credit Card,9,5
678,30/06/2024,03:15AM,American Breakfast,Breakfast,11.0,2,1267,37,Female,Cash,22,11
679,23/06/2024,12:08AM,Iced Tea,Beverage,2.5,3,1306,37,Female,Credit Card,7,4
680,05/06/2024,07:36PM,Caesar Salad,Salad,9.0,2,1945,55,Female,Debit Card,18,9
681,17/06/2024,06:46PM,Latte,Beverage,4.0,5,1067,25,Female,Credit Card,20,10
682,26/06/2024,10:20PM,Spaghetti Carbonara,Main Course,14.0,2,1637,61,Male,Credit Card,28,14
683,27/06/2024,08:50AM,Margherita Pizza,Main Course,13.0,1,1536,27,Male,Cash,13,6
684,25/06/2024,11:23PM,Chocolate Cake,Dessert,7.5,5,1446,55,Female,Credit Card,37,19
685,25/06/2024,07:46PM,Latte,Beverage,4.0,5,1836,47,Male,Cash,20,10
686,11/06/2024,06:53PM,Espresso,Beverage,3.0,4,1801,38,Female,Credit Card,12,6
687,23/06/2024,02:56PM,Caesar Salad,Salad,9.0,4,1397,45,Male,Credit Card,36,18
688,26/06/2024,11:12PM,Cappuccino,Beverage,4.5,4,1177,44,Male,Debit Card,18,9
689,04/06/2024,11:59AM,Latte,Beverage,4.0,4,1885,55,Female,Debit Card,16,8
690,13/06/2024,09:26PM,Cheesecake,Dessert,7.0,1,1624,62,Male,Cash,7,3
691,08/06/2024,09:37AM,Spaghetti Carbonara,Main Course,14.0,4,1309,38,Male,Credit Card,56,28
692,15/06/2024,10:44AM,Vegan Burger,Main Course,12.5,5,1888,25,Male,Cash,62,31
693,27/06/2024,10:27PM,Chicken Sandwich,Main Course,11.5,4,1607,34,Female,Cash,46,23
694,04/06/2024,04:23PM,Vegan Burger,Main Course,12.5,5,1187,43,Female,Credit Card,62,31
695,13/06/2024,12:26AM,Greek Salad,Salad,9.5,3,1070,57,Female,Debit Card,28,14
696,03/06/2024,03:58AM,Caesar Salad,Salad,9.0,2,1376,44,Male,Debit Card,18,9
697,07/06/2024,11:54AM,Green Smoothie,Beverage,5.5,4,1903,61,Male,Cash,22,11
698,01/06/2024,10:14AM,Chocolate Cake,Dessert,7.5,4,1679,29,Male,Cash,30,15
699,06/06/2024,11:48PM,Caesar Salad,Salad,9.0,3,1444,33,Male,Credit Card,27,13
700,13/06/2024,09:20PM,Caesar Salad,Salad,9.0,2,1831,33,Male,Credit Card,18,9
701,26/06/2024,08:17AM,Green Smoothie,Beverage,5.5,3,1316,47,Female,Credit Card,16,8
702,28/06/2024,04:56PM,Vegan Burger,Main Course,12.5,3,1310,50,Female,Cash,37,19
703,26/06/2024,09:48PM,Cheesecake,Dessert,7.0,5,1511,63,Female,Debit Card,35,17
704,17/06/2024,04:13PM,Spaghetti Carbonara,Main Course,14.0,5,1149,65,Male,Debit Card,70,35
705,23/06/2024,03:20PM,Cheesecake,Dessert,7.0,4,1089,59,Female,Debit Card,28,14
706,21/06/2024,03:35AM,Iced Tea,Beverage,2.5,2,1340,64,Male,Credit Card,5,2
707,06/06/2024,02:25PM,Grilled Salmon,Main Course,16.0,2,1750,41,Male,Credit Card,32,16
708,10/06/2024,06:32AM,Grilled Salmon,Main Course,16.0,3,1943,24,Male,Debit Card,48,24
709,13/06/2024,10:59AM,Cheesecake,Dessert,7.0,5,1261,52,Female,Debit Card,35,17
710,06/06/2024,05:20AM,Spaghetti Carbonara,Main Course,14.0,2,1095,21,Female,Credit Card,28,14
711,09/06/2024,06:07AM,Greek Salad,Salad,9.5,2,1560,64,Male,Cash,19,9
712,08/06/2024,03:41PM,Margherita Pizza,Main Course,13.0,2,1417,30,Female,Cash,26,13
713,01/06/2024,11:19AM,Spaghetti Carbonara,Main Course,14.0,2,1010,31,Female,Credit Card,28,14
714,16/06/2024,03:51AM,Latte,Beverage,4.0,2,1271,48,Male,Credit Card,8,4
715,22/06/2024,06:31AM,Latte,Beverage,4.0,1,1248,36,Male,Cash,4,2
716,02/06/2024,05:06PM,Cheesecake,Dessert,7.0,2,1733,63,Female,Debit Card,14,7
717,08/06/2024,02:43PM,Spaghetti Carbonara,Main Course,14.0,1,1051,18,Female,Debit Card,14,7
718,14/06/2024,03:10AM,Iced Tea,Beverage,2.5,4,1373,48,Female,Credit Card,10,5
719,12/06/2024,01:40AM,Cheesecake,Dessert,7.0,1,1382,23,Male,Debit Card,7,3
720,26/06/2024,11:11PM,Cappuccino,Beverage,4.5,5,1533,41,Male,Credit Card,22,11
721,08/06/2024,08:50AM,Espresso,Beverage,3.0,1,1516,52,Female,Cash,3,1
722,09/06/2024,04:15PM,Iced Tea,Beverage,2.5,5,1559,52,Female,Credit Card,12,6
723,08/06/2024,08:18PM,Greek Salad,Salad,9.5,4,1629,18,Female,Credit Card,38,19
724,25/06/2024,05:47AM,Green Smoothie,Beverage,5.5,1,1351,35,Female,Debit Card,5,3
725,09/06/2024,12:50AM,Spaghetti Carbonara,Main Course,14.0,1,1914,26,Female,Cash,14,7
726,20/06/2024,02:17PM,Espresso,Beverage,3.0,2,1315,31,Female,Cash,6,3
727,01/06/2024,08:04PM,American Breakfast,Breakfast,11.0,4,1777,32,Male,Credit Card,44,22
728,03/06/2024,08:41AM,Green Smoothie,Beverage,5.5,1,1480,65,Male,Debit Card,5,3
729,08/06/2024,07:58AM,American Breakfast,Breakfast,11.0,1,1053,30,Male,Cash,11,5
730,02/06/2024,03:28PM,Grilled Salmon,Main Course,16.0,3,1609,42,Male,Cash,48,24
731,01/06/2024,11:00PM,Greek Salad,Salad,9.5,2,1929,48,Male,Cash,19,9
732,09/06/2024,02:18PM,Greek Salad,Salad,9.5,1,1347,34,Male,Cash,9,5
733,23/06/2024,12:14PM,Cheesecake,Dessert,7.0,2,1008,47,Female,Debit Card,14,7
734,07/06/2024,03:43AM,Caesar Salad,Salad,9.0,1,1469,58,Male,Debit Card,9,4
735,13/06/2024,08:18PM,Greek Salad,Salad,9.5,4,1881,58,Male,Debit Card,38,19
736,29/06/2024,05:08AM,Espresso,Beverage,3.0,2,1035,57,Male,Debit Card,6,3
737,20/06/2024,04:04PM,Spaghetti Carbonara,Main Course,14.0,2,1028,57,Male,Credit Card,28,14
738,14/06/2024,02:49PM,Cheesecake,Dessert,7.0,2,1338,65,Male,Debit Card,14,7
739,28/06/2024,01:11AM,Green Smoothie,Beverage,5.5,2,1920,48,Female,Credit Card,11,5
740,16/06/2024,10:47PM,Vegan Burger,Main Course,12.5,5,1608,36,Male,Credit Card,62,31
741,07/06/2024,01:58PM,Chicken Sandwich,Main Course,11.5,2,1627,61,Female,Debit Card,23,11
742,04/06/2024,08:39PM,Chocolate Cake,Dessert,7.5,2,1950,35,Male,Cash,15,7
743,13/06/2024,12:26PM,Chicken Sandwich,Main Course,11.5,4,1165,49,Female,Debit Card,46,23
744,12/06/2024,06:23AM,Iced Tea,Beverage,2.5,4,1900,64,Female,Cash,10,5
745,25/06/2024,02:20PM,Greek Salad,Salad,9.5,4,1736,29,Male,Credit Card,38,19
746,27/06/2024,07:05PM,Green Smoothie,Beverage,5.5,5,1104,28,Female,Debit Card,27,14
747,13/06/2024,04:32PM,Chocolate Cake,Dessert,7.5,2,1016,18,Male,Credit Card,15,7
748,20/06/2024,11:32AM,Vegan Burger,Main Course,12.5,4,1030,57,Female,Credit Card,50,25
749,10/06/2024,11:10AM,Green Smoothie,Beverage,5.5,5,1900,35,Female,Debit Card,27,14
750,30/06/2024,02:50PM,Chocolate Cake,Dessert,7.5,2,1906,52,Male,Debit Card,15,7
751,09/06/2024,10:46AM,Cappuccino,Beverage,4.5,2,1237,34,Female,Credit Card,9,4
752,12/06/2024,02:27PM,Green Smoothie,Beverage,5.5,4,1281,56,Female,Debit Card,22,11
753,08/06/2024,12:06AM,Espresso,Beverage,3.0,4,1757,32,Male,Cash,12,6
754,07/06/2024,11:52PM,Vegan Burger,Main Course,12.5,1,1240,38,Female,Debit Card,12,6
755,25/06/2024,09:45AM,Iced Tea,Beverage,2.5,1,1531,43,Male,Debit Card,2,1
756,15/06/2024,02:49AM,Greek Salad,Salad,9.5,2,1437,62,Female,Cash,19,9
757,19/06/2024,08:52PM,Vegan Burger,Main Course,12.5,1,1359,38,Female,Credit Card,12,6
758,17/06/2024,12:57PM,Chocolate Cake,Dessert,7.5,1,1985,56,Male,Cash,7,4
759,11/06/2024,09:09PM,Cheesecake,Dessert,7.0,2,1792,26,Female,Cash,14,7
760,07/06/2024,12:54AM,Espresso,Beverage,3.0,2,1230,42,Female,Debit Card,6,3
761,19/06/2024,09:09PM,Vegan Burger,Main Course,12.5,2,1569,41,Female,Credit Card,25,12
762,23/06/2024,05:20PM,Chocolate Cake,Dessert,7.5,3,1019,60,Female,Cash,22,11
763,26/06/2024,06:28PM,Spaghetti Carbonara,Main Course,14.0,3,1483,47,Female,Cash,42,21
764,03/06/2024,08:43PM,Cappuccino,Beverage,4.5,4,1384,33,Male,Cash,18,9
765,06/06/2024,12:01PM,Latte,Beverage,4.0,3,1936,43,Female,Credit Card,12,6
766,07/06/2024,10:13PM,Chicken Sandwich,Main Course,11.5,4,1818,18,Female,Debit Card,46,23
767,04/06/2024,04:59AM,Vegan Burger,Main Course,12.5,2,1014,43,Male,Credit Card,25,12
768,10/06/2024,12:39AM,Greek Salad,Salad,9.5,3,1178,60,Male,Cash,28,14
769,17/06/2024,07:34AM,Chocolate Cake,Dessert,7.5,5,1938,21,Male,Debit Card,37,19
770,16/06/2024,03:50PM,Vegan Burger,Main Course,12.5,2,1751,61,Female,Cash,25,12
771,08/06/2024,07:33AM,Chocolate Cake,Dessert,7.5,1,1652,56,Female,Cash,7,4
772,21/06/2024,10:40PM,Greek Salad,Salad,9.5,2,1979,47,Male,Credit Card,19,9
773,03/06/2024,06:41PM,Cheesecake,Dessert,7.0,1,1460,61,Male,Credit Card,7,3
774,12/06/2024,08:08AM,Vegan Burger,Main Course,12.5,3,1815,55,Male,Cash,37,19
775,21/06/2024,11:33AM,Chocolate Cake,Dessert,7.5,4,1633,21,Female,Credit Card,30,15
776,14/06/2024,09:59AM,Margherita Pizza,Main Course,13.0,2,1812,18,Male,Cash,26,13
777,05/06/2024,06:37PM,Grilled Salmon,Main Course,16.0,3,1390,23,Female,Credit Card,48,24
778,14/06/2024,11:39AM,Grilled Salmon,Main Course,16.0,5,1236,38,Male,Cash,80,40
779,28/06/2024,12:22AM,Chicken Sandwich,Main Course,11.5,4,1642,18,Male,Cash,46,23
780,06/06/2024,03:25PM,Spaghetti Carbonara,Main Course,14.0,4,1363,41,Male,Credit Card,56,28
781,09/06/2024,05:38AM,Green Smoothie,Beverage,5.5,1,1083,54,Female,Credit Card,5,3
782,01/06/2024,05:55PM,Spaghetti Carbonara,Main Course,14.0,2,1110,50,Female,Debit Card,28,14
783,20/06/2024,07:05AM,Green Smoothie,Beverage,5.5,5,1460,30,Male,Credit Card,27,14
784,14/06/2024,09:44PM,Caesar Salad,Salad,9.0,3,1891,53,Male,Debit Card,27,13
785,19/06/2024,08:28PM,Cheesecake,Dessert,7.0,5,1946,56,Male,Debit Card,35,17
786,05/06/2024,11:05AM,Margherita Pizza,Main Course,13.0,4,1402,31,Male,Credit Card,52,26
787,02/06/2024,01:42AM,Greek Salad,Salad,9.5,5,1763,57,Female,Credit Card,47,24
788,01/06/2024,01:52PM,Iced Tea,Beverage,2.5,4,1438,43,Male,Debit Card,10,5
789,28/06/2024,01:54PM,Caesar Salad,Salad,9.0,1,1029,31,Male,Debit Card,9,4
790,20/06/2024,11:50PM,Vegan Burger,Main Course,12.5,3,1881,27,Female,Credit Card,37,19
791,30/06/2024,08:02AM,Espresso,Beverage,3.0,3,1856,57,Male,Credit Card,9,4
792,04/06/2024,04:00PM,Vegan Burger,Main Course,12.5,4,1341,21,Male,Cash,50,25
793,27/06/2024,10:31PM,Caesar Salad,Salad,9.0,1,1745,36,Male,Cash,9,4
794,26/06/2024,01:47PM,Vegan Burger,Main Course,12.5,4,1211,19,Female,Debit Card,50,25
795,26/06/2024,04:36PM,Cheesecake,Dessert,7.0,1,1995,26,Female,Cash,7,3
796,11/06/2024,02:09AM,Cappuccino,Beverage,4.5,1,1768,18,Male,Debit Card,4,2
797,05/06/2024,08:47PM,American Breakfast,Breakfast,11.0,5,1593,29,Female,Debit Card,55,27
798,22/06/2024,12:01PM,Chocolate Cake,Dessert,7.5,2,1987,65,Male,Debit Card,15,7
799,04/06/2024,05:21AM,Caesar Salad,Salad,9.0,3,1504,36,Male,Cash,27,13
800,19/06/2024,09:53AM,Iced Tea,Beverage,2.5,3,1651,58,Male,Credit Card,7,4
801,03/06/2024,09:16PM,American Breakfast,Breakfast,11.0,1,1032,25,Female,Cash,11,5
802,01/06/2024,11:53AM,Grilled Salmon,Main Course,16.0,4,1616,33,Female,Cash,64,32
803,07/06/2024,04:08PM,Espresso,Beverage,3.0,4,1591,33,Male,Cash,12,6
804,05/06/2024,06:46AM,Vegan Burger,Main Course,12.5,4,1079,65,Male,Debit Card,50,25
805,29/06/2024,07:36PM,Green Smoothie,Beverage,5.5,2,1471,60,Male,Cash,11,5
806,23/06/2024,05:54AM,Cappuccino,Beverage,4.5,2,1584,40,Female,Credit Card,9,4
807,09/06/2024,08:52AM,Margherita Pizza,Main Course,13.0,1,1666,37,Male,Debit Card,13,6
808,25/06/2024,05:39AM,Iced Tea,Beverage,2.5,1,1113,54,Male,Cash,2,1
809,24/06/2024,10:27PM,Cappuccino,Beverage,4.5,5,1697,53,Female,Cash,22,11
810,17/06/2024,09:57AM,Margherita Pizza,Main Course,13.0,4,1231,59,Male,Credit Card,52,26
811,21/06/2024,03:17AM,Greek Salad,Salad,9.5,3,1438,46,Female,Debit Card,28,14
812,05/06/2024,09:56PM,Caesar Salad,Salad,9.0,1,1786,64,Female,Debit Card,9,4
813,24/06/2024,08:20AM,Chicken Sandwich,Main Course,11.5,4,1422,20,Male,Debit Card,46,23
814,12/06/2024,08:28PM,Spaghetti Carbonara,Main Course,14.0,5,1754,23,Male,Debit Card,70,35
815,02/06/2024,03:25AM,Margherita Pizza,Main Course,13.0,1,1660,37,Male,Credit Card,13,6
816,22/06/2024,08:37AM,Chocolate Cake,Dessert,7.5,3,1754,49,Male,Credit Card,22,11
817,18/06/2024,05:53AM,Spaghetti Carbonara,Main Course,14.0,4,1342,28,Female,Credit Card,56,28
818,04/06/2024,01:06AM,Spaghetti Carbonara,Main Course,14.0,2,1174,27,Female,Credit Card,28,14
819,10/06/2024,06:49PM,Cappuccino,Beverage,4.5,2,1462,23,Female,Debit Card,9,4
820,15/06/2024,04:46AM,Green Smoothie,Beverage,5.5,4,1864,61,Male,Cash,22,11
821,23/06/2024,09:24AM,Grilled Salmon,Main Course,16.0,1,1390,36,Male,Cash,16,8
822,22/06/2024,07:45AM,Green Smoothie,Beverage,5.5,4,1195,63,Male,Debit Card,22,11
823,08/06/2024,02:27PM,Margherita Pizza,Main Course,13.0,2,1002,49,Male,Cash,26,13
824,01/06/2024,12:59PM,Spaghetti Carbonara,Main Course,14.0,5,1904,31,Female,Cash,70,35
825,24/06/2024,11:46PM,Greek Salad,Salad,9.5,2,1671,31,Male,Cash,19,9
826,11/06/2024,06:05AM,American Breakfast,Breakfast,11.0,2,1876,36,Female,Debit Card,22,11
827,05/06/2024,05:38PM,Vegan Burger,Main Course,12.5,5,1507,42,Female,Cash,62,31
828,11/06/2024,11:27PM,Chicken Sandwich,Main Course,11.5,2,1820,32,Female,Debit Card,23,11
829,15/06/2024,01:23PM,Chicken Sandwich,Main Course,11.5,4,1025,65,Female,Debit Card,46,23
830,15/06/2024,09:25AM,Espresso,Beverage,3.0,1,1374,58,Male,Debit Card,3,1
831,25/06/2024,07:47PM,Cheesecake,Dessert,7.0,3,1861,60,Male,Debit Card,21,10
832,24/06/2024,02:41AM,Spaghetti Carbonara,Main Course,14.0,3,1796,42,Female,Debit Card,42,21
833,10/06/2024,12:51PM,Vegan Burger,Main Course,12.5,2,1251,54,Male,Debit Card,25,12
834,15/06/2024,10:39AM,Grilled Salmon,Main Course,16.0,3,1434,24,Male,Debit Card,48,24
835,15/06/2024,06:34AM,Greek Salad,Salad,9.5,5,1093,38,Female,Credit Card,47,24
836,20/06/2024,03:46AM,Latte,Beverage,4.0,1,1641,35,Male,Cash,4,2
837,12/06/2024,08:55PM,Margherita Pizza,Main Course,13.0,4,1799,43,Female,Cash,52,26
838,09/06/2024,01:29PM,Latte,Beverage,4.0,3,1601,52,Female,Credit Card,12,6
839,29/06/2024,01:12PM,Caesar Salad,Salad,9.0,3,1616,51,Male,Credit Card,27,13
840,25/06/2024,02:13PM,Chicken Sandwich,Main Course,11.5,2,1574,56,Female,Cash,23,11
841,04/06/2024,05:28PM,Spaghetti Carbonara,Main Course,14.0,4,1518,40,Male,Credit Card,56,28
842,03/06/2024,03:20PM,Vegan Burger,Main Course,12.5,4,1767,25,Female,Credit Card,50,25
843,07/06/2024,02:44PM,Espresso,Beverage,3.0,1,1568,28,Male,Debit Card,3,1
844,04/06/2024,01:15AM,Latte,Beverage,4.0,2,1020,27,Female,Credit Card,8,4
845,24/06/2024,01:33PM,American Breakfast,Breakfast,11.0,4,1348,59,Female,Credit Card,44,22
846,08/06/2024,02:05PM,Spaghetti Carbonara,Main Course,14.0,1,1501,21,Male,Debit Card,14,7
847,21/06/2024,03:05PM,Green Smoothie,Beverage,5.5,1,1562,56,Male,Cash,5,3
848,05/06/2024,02:55PM,Caesar Salad,Salad,9.0,2,1714,18,Female,Debit Card,18,9
849,24/06/2024,01:58AM,Green Smoothie,Beverage,5.5,3,1949,44,Male,Credit Card,16,8
850,06/06/2024,01:51AM,Grilled Salmon,Main Course,16.0,5,1005,49,Female,Cash,80,40
851,04/06/2024,04:29PM,Latte,Beverage,4.0,3,1589,38,Male,Credit Card,12,6
852,03/06/2024,07:55PM,Margherita Pizza,Main Course,13.0,2,1265,32,Female,Debit Card,26,13
853,11/06/2024,03:30AM,Latte,Beverage,4.0,5,1686,30,Female,Debit Card,20,10
854,10/06/2024,06:48PM,Cappuccino,Beverage,4.5,5,1605,46,Male,Debit Card,22,11
855,29/06/2024,11:40AM,Vegan Burger,Main Course,12.5,2,1736,48,Male,Debit Card,25,12
856,23/06/2024,11:44PM,Chicken Sandwich,Main Course,11.5,4,1878,22,Male,Cash,46,23
857,05/06/2024,11:58AM,Cheesecake,Dessert,7.0,4,1759,32,Male,Credit Card,28,14
858,24/06/2024,01:29PM,Iced Tea,Beverage,2.5,1,1994,42,Female,Debit Card,2,1
859,25/06/2024,09:04AM,Latte,Beverage,4.0,2,1588,18,Male,Debit Card,8,4
860,11/06/2024,12:26PM,American Breakfast,Breakfast,11.0,1,1636,46,Male,Debit Card,11,5
861,10/06/2024,01:46AM,Grilled Salmon,Main Course,16.0,5,1955,54,Female,Debit Card,80,40
862,15/06/2024,12:55PM,Chocolate Cake,Dessert,7.5,3,1094,20,Male,Cash,22,11
863,19/06/2024,11:03PM,Iced Tea,Beverage,2.5,1,1330,30,Male,Cash,2,1
864,28/06/2024,12:40PM,Cappuccino,Beverage,4.5,5,1105,65,Male,Debit Card,22,11
865,10/06/2024,10:29AM,Vegan Burger,Main Course,12.5,1,1522,60,Male,Credit Card,12,6
866,13/06/2024,12:46AM,Cheesecake,Dessert,7.0,3,1842,49,Male,Credit Card,21,10
867,27/06/2024,12:54AM,Green Smoothie,Beverage,5.5,1,1318,63,Female,Debit Card,5,3
868,24/06/2024,01:08AM,Espresso,Beverage,3.0,2,1729,41,Female,Credit Card,6,3
869,03/06/2024,03:51AM,Grilled Salmon,Main Course,16.0,2,1254,22,Male,Cash,32,16
870,18/06/2024,11:15AM,Greek Salad,Salad,9.5,2,1202,34,Female,Credit Card,19,9
871,10/06/2024,07:20PM,Green Smoothie,Beverage,5.5,4,1346,40,Female,Debit Card,22,11
872,08/06/2024,06:44AM,Espresso,Beverage,3.0,1,1967,20,Female,Cash,3,1
873,12/06/2024,06:06PM,Chocolate Cake,Dessert,7.5,4,1401,33,Male,Credit Card,30,15
874,10/06/2024,12:31PM,Margherita Pizza,Main Course,13.0,1,1863,49,Female,Cash,13,6
875,07/06/2024,06:56AM,Chicken Sandwich,Main Course,11.5,1,1317,58,Female,Debit Card,11,6
876,07/06/2024,12:25AM,Iced Tea,Beverage,2.5,3,1049,44,Female,Cash,7,4
877,06/06/2024,04:02PM,Margherita Pizza,Main Course,13.0,4,1361,48,Male,Cash,52,26
878,17/06/2024,01:36AM,Chicken Sandwich,Main Course,11.5,3,1895,29,Male,Cash,34,17
879,20/06/2024,08:04PM,Margherita Pizza,Main Course,13.0,3,1032,58,Female,Cash,39,19
880,01/06/2024,03:14AM,Cheesecake,Dessert,7.0,4,1637,20,Male,Credit Card,28,14
881,05/06/2024,03:44PM,Cheesecake,Dessert,7.0,1,1983,29,Male,Debit Card,7,3
882,10/06/2024,08:06PM,Cheesecake,Dessert,7.0,2,1550,26,Female,Cash,14,7
883,13/06/2024,06:11AM,Grilled Salmon,Main Course,16.0,1,1675,34,Female,Cash,16,8
884,10/06/2024,03:15AM,Espresso,Beverage,3.0,4,1256,55,Male,Credit Card,12,6
885,02/06/2024,06:19PM,Cappuccino,Beverage,4.5,1,1900,58,Male,Debit Card,4,2
886,15/06/2024,05:05AM,Latte,Beverage,4.0,4,1167,41,Male,Credit Card,16,8
887,23/06/2024,06:25AM,Green Smoothie,Beverage,5.5,4,1132,43,Male,Credit Card,22,11
888,15/06/2024,12:45PM,Iced Tea,Beverage,2.5,4,1740,18,Female,Cash,10,5
889,08/06/2024,11:22AM,Spaghetti Carbonara,Main Course,14.0,5,1919,28,Male,Debit Card,70,35
890,03/06/2024,08:57AM,Margherita Pizza,Main Course,13.0,3,1173,40,Female,Debit Card,39,19
891,02/06/2024,06:36PM,Espresso,Beverage,3.0,3,1127,37,Male,Debit Card,9,4
892,06/06/2024,01:23PM,Cheesecake,Dessert,7.0,4,1225,20,Male,Cash,28,14
893,14/06/2024,03:43AM,Grilled Salmon,Main Course,16.0,4,1967,24,Male,Cash,64,32
894,27/06/2024,11:44PM,American Breakfast,Breakfast,11.0,1,1978,39,Male,Debit Card,11,5
895,15/06/2024,05:52AM,Cappuccino,Beverage,4.5,3,1168,55,Male,Debit Card,13,7
896,19/06/2024,03:07AM,Cheesecake,Dessert,7.0,1,1571,64,Female,Credit Card,7,3
897,09/06/2024,05:06AM,Margherita Pizza,Main Course,13.0,1,1686,22,Female,Cash,13,6
898,23/06/2024,09:07AM,Chicken Sandwich,Main Course,11.5,4,1549,37,Male,Cash,46,23
899,25/06/2024,08:37AM,Greek Salad,Salad,9.5,5,1897,35,Female,Credit Card,47,24
900,15/06/2024,07:15AM,Green Smoothie,Beverage,5.5,3,1227,61,Female,Debit Card,16,8
901,22/06/2024,01:03AM,Chicken Sandwich,Main Course,11.5,1,1327,47,Male,Debit Card,11,6
902,16/06/2024,10:26PM,Chicken Sandwich,Main Course,11.5,5,1385,47,Female,Debit Card,57,29
903,08/06/2024,01:38PM,Vegan Burger,Main Course,12.5,1,1733,65,Male,Cash,12,6
904,29/06/2024,05:17AM,Caesar Salad,Salad,9.0,5,1222,40,Female,Debit Card,45,22
905,09/06/2024,09:04PM,Cappuccino,Beverage,4.5,1,1507,48,Female,Debit Card,4,2
906,21/06/2024,11:12AM,Chocolate Cake,Dessert,7.5,2,1967,56,Male,Cash,15,7
907,23/06/2024,01:00PM,Spaghetti Carbonara,Main Course,14.0,5,1616,59,Male,Debit Card,70,35
908,16/06/2024,06:49PM,Latte,Beverage,4.0,1,1432,55,Male,Cash,4,2
909,09/06/2024,03:32PM,Caesar Salad,Salad,9.0,5,1845,62,Female,Credit Card,45,22
910,02/06/2024,03:28AM,Vegan Burger,Main Course,12.5,1,1386,65,Female,Cash,12,6
911,24/06/2024,07:43AM,Iced Tea,Beverage,2.5,4,1342,55,Female,Cash,10,5
912,09/06/2024,10:49PM,Iced Tea,Beverage,2.5,4,1589,58,Female,Cash,10,5
913,11/06/2024,04:31AM,Caesar Salad,Salad,9.0,4,1570,26,Male,Debit Card,36,18
914,24/06/2024,06:00PM,Cheesecake,Dessert,7.0,5,1761,55,Female,Debit Card,35,17
915,11/06/2024,11:01AM,Caesar Salad,Salad,9.0,2,1720,24,Male,Credit Card,18,9
916,04/06/2024,03:23AM,Spaghetti Carbonara,Main Course,14.0,2,1109,47,Male,Cash,28,14
917,07/06/2024,04:55AM,Chicken Sandwich,Main Course,11.5,5,1039,65,Male,Cash,57,29
918,24/06/2024,04:12PM,Latte,Beverage,4.0,3,1605,25,Male,Debit Card,12,6
919,18/06/2024,03:18AM,Grilled Salmon,Main Course,16.0,5,1833,64,Male,Credit Card,80,40
920,28/06/2024,09:58AM,Iced Tea,Beverage,2.5,5,1359,38,Female,Credit Card,12,6
921,11/06/2024,10:49AM,Chicken Sandwich,Main Course,11.5,5,1270,19,Male,Cash,57,29
922,22/06/2024,02:57PM,Spaghetti Carbonara,Main Course,14.0,1,1183,46,Female,Credit Card,14,7
923,01/06/2024,06:01AM,Chicken Sandwich,Main Course,11.5,2,1316,41,Female,Debit Card,23,11
924,11/06/2024,11:08AM,Espresso,Beverage,3.0,2,1225,45,Male,Cash,6,3
925,28/06/2024,03:58AM,Latte,Beverage,4.0,1,1738,44,Female,Credit Card,4,2
926,26/06/2024,08:35PM,Cappuccino,Beverage,4.5,3,1333,47,Female,Credit Card,13,7
927,06/06/2024,03:45AM,Cheesecake,Dessert,7.0,4,1624,42,Male,Credit Card,28,14
928,21/06/2024,02:07AM,Caesar Salad,Salad,9.0,2,1557,60,Male,Credit Card,18,9
929,10/06/2024,09:26PM,Chocolate Cake,Dessert,7.5,2,1451,60,Male,Debit Card,15,7
930,25/06/2024,07:12AM,Cheesecake,Dessert,7.0,3,1923,27,Male,Credit Card,21,10
931,18/06/2024,06:03PM,Chicken Sandwich,Main Course,11.5,5,1664,54,Female,Debit Card,57,29
932,03/06/2024,09:38AM,Margherita Pizza,Main Course,13.0,3,1509,27,Female,Cash,39,19
933,03/06/2024,10:45AM,Vegan Burger,Main Course,12.5,5,1017,40,Male,Credit Card,62,31
934,02/06/2024,03:49AM,Chicken Sandwich,Main Course,11.5,3,1403,45,Female,Credit Card,34,17
935,26/06/2024,03:28AM,Vegan Burger,Main Course,12.5,4,1665,45,Male,Cash,50,25
936,08/06/2024,03:34AM,Greek Salad,Salad,9.5,5,1276,54,Female,Credit Card,47,24
937,28/06/2024,12:20PM,Cappuccino,Beverage,4.5,3,1052,39,Female,Credit Card,13,7
938,13/06/2024,11:49AM,Grilled Salmon,Main Course,16.0,2,1632,40,Male,Debit Card,32,16
939,08/06/2024,02:47PM,Grilled Salmon,Main Course,16.0,1,1803,18,Male,Cash,16,8
940,02/06/2024,10:44AM,Latte,Beverage,4.0,4,1334,21,Female,Cash,16,8
941,27/06/2024,01:20AM,Espresso,Beverage,3.0,4,1651,25,Male,Credit Card,12,6
942,06/06/2024,12:07AM,Grilled Salmon,Main Course,16.0,3,1644,53,Male,Cash,48,24
943,23/06/2024,05:19AM,Caesar Salad,Salad,9.0,4,1444,38,Female,Cash,36,18
944,17/06/2024,08:25PM,Grilled Salmon,Main Course,16.0,1,1981,59,Male,Credit Card,16,8
945,14/06/2024,06:24AM,Latte,Beverage,4.0,5,1338,65,Male,Credit Card,20,10
946,07/06/2024,02:21PM,Cappuccino,Beverage,4.5,5,1954,44,Female,Credit Card,22,11
947,13/06/2024,02:36PM,Espresso,Beverage,3.0,1,1244,57,Female,Cash,3,1
948,08/06/2024,11:48PM,Iced Tea,Beverage,2.5,4,1375,63,Male,Debit Card,10,5
949,06/06/2024,04:35AM,Cappuccino,Beverage,4.5,2,1046,33,Male,Debit Card,9,4
950,11/06/2024,06:04PM,Cappuccino,Beverage,4.5,3,1621,48,Female,Credit Card,13,7
951,10/06/2024,05:49AM,Green Smoothie,Beverage,5.5,1,1918,39,Male,Credit Card,5,3
952,17/06/2024,07:51AM,Cheesecake,Dessert,7.0,5,1036,42,Female,Credit Card,35,17
953,07/06/2024,12:05AM,Espresso,Beverage,3.0,2,1889,54,Male,Credit Card,6,3
954,23/06/2024,11:56PM,Chicken Sandwich,Main Course,11.5,2,1231,33,Female,Credit Card,23,11
955,12/06/2024,10:30AM,Green Smoothie,Beverage,5.5,4,1504,42,Female,Debit Card,22,11
956,28/06/2024,11:56PM,American Breakfast,Breakfast,11.0,4,1067,60,Male,Credit Card,44,22
957,19/06/2024,04:43AM,Chicken Sandwich,Main Course,11.5,2,1478,32,Male,Debit Card,23,11
958,17/06/2024,02:40AM,Cheesecake,Dessert,7.0,2,1872,60,Male,Cash,14,7
959,08/06/2024,06:01AM,Cheesecake,Dessert,7.0,4,1896,37,Male,Debit Card,28,14
960,15/06/2024,04:19PM,Iced Tea,Beverage,2.5,5,1631,49,Female,Debit Card,12,6
961,14/06/2024,01:51PM,Green Smoothie,Beverage,5.5,3,1599,31,Female,Credit Card,16,8
962,14/06/2024,09:59AM,Chocolate Cake,Dessert,7.5,4,1354,26,Male,Cash,30,15
963,26/06/2024,05:30PM,Espresso,Beverage,3.0,2,1448,53,Female,Debit Card,6,3
964,27/06/2024,01:46PM,Greek Salad,Salad,9.5,3,1465,45,Female,Credit Card,28,14
965,17/06/2024,01:51PM,Caesar Salad,Salad,9.0,1,1907,52,Male,Debit Card,9,4
966,01/06/2024,02:09PM,Cheesecake,Dessert,7.0,2,1583,50,Male,Credit Card,14,7
967,18/06/2024,05:21AM,Iced Tea,Beverage,2.5,5,1028,37,Male,Credit Card,12,6
968,18/06/2024,02:29AM,Grilled Salmon,Main Course,16.0,4,1181,55,Female,Debit Card,64,32
969,20/06/2024,05:40PM,Cappuccino,Beverage,4.5,3,1881,42,Female,Debit Card,13,7
970,27/06/2024,02:41PM,Iced Tea,Beverage,2.5,2,1896,29,Female,Credit Card,5,2
971,10/06/2024,10:49PM,Caesar Salad,Salad,9.0,5,1162,54,Male,Debit Card,45,22
972,10/06/2024,11:02PM,Greek Salad,Salad,9.5,1,1693,34,Male,Credit Card,9,5
973,21/06/2024,05:52PM,Green Smoothie,Beverage,5.5,1,1454,63,Male,Debit Card,5,3
974,09/06/2024,10:26AM,American Breakfast,Breakfast,11.0,1,1822,52,Male,Debit Card,11,5
975,19/06/2024,04:11AM,Cappuccino,Beverage,4.5,3,1588,44,Female,Credit Card,13,7
976,23/06/2024,10:26AM,Espresso,Beverage,3.0,2,1269,64,Male,Credit Card,6,3
977,23/06/2024,06:17PM,Cappuccino,Beverage,4.5,1,1652,46,Male,Debit Card,4,2
978,18/06/2024,10:03PM,Chicken Sandwich,Main Course,11.5,2,1781,64,Female,Debit Card,23,11
979,18/06/2024,09:45PM,Cappuccino,Beverage,4.5,4,1321,53,Female,Cash,18,9
980,12/06/2024,07:34PM,Greek Salad,Salad,9.5,1,1124,23,Female,Debit Card,9,5
981,12/06/2024,04:47AM,Grilled Salmon,Main Course,16.0,4,1552,21,Male,Credit Card,64,32
982,28/06/2024,01:11AM,Iced Tea,Beverage,2.5,5,1424,60,Male,Cash,12,6
983,21/06/2024,11:29AM,Espresso,Beverage,3.0,3,1612,32,Male,Debit Card,9,4
984,29/06/2024,02:10PM,Latte,Beverage,4.0,2,1345,50,Male,Debit Card,8,4
985,24/06/2024,02:19AM,Greek Salad,Salad,9.5,5,1992,18,Male,Cash,47,24
986,04/06/2024,10:49PM,Chicken Sandwich,Main Course,11.5,5,1969,48,Female,Credit Card,57,29
987,20/06/2024,03:54AM,Chicken Sandwich,Main Course,11.5,3,1580,61,Female,Cash,34,17
988,23/06/2024,10:06PM,Cappuccino,Beverage,4.5,2,1481,19,Male,Credit Card,9,4
989,10/06/2024,03:03AM,Caesar Salad,Salad,9.0,1,1175,51,Male,Cash,9,4
990,05/06/2024,03:54PM,Grilled Salmon,Main Course,16.0,3,1688,31,Male,Cash,48,24
991,02/06/2024,06:49PM,Chicken Sandwich,Main Course,11.5,2,1307,64,Female,Credit Card,23,11
992,18/06/2024,06:21PM,Greek Salad,Salad,9.5,1,1880,29,Female,Cash,9,5
993,12/06/2024,04:08PM,Green Smoothie,Beverage,5.5,1,1883,18,Female,Cash,5,3
994,30/06/2024,02:46AM,Iced Tea,Beverage,2.5,4,1301,64,Female,Credit Card,10,5
995,13/06/2024,08:25PM,Green Smoothie,Beverage,5.5,3,1662,34,Female,Cash,16,8
996,11/06/2024,02:49PM,Iced Tea,Beverage,2.5,2,1453,61,Female,Debit Card,5,2
997,19/06/2024,08:04PM,Green Smoothie,Beverage,5.5,3,1575,19,Female,Debit Card,16,8
998,06/06/2024,04:04AM,Caesar Salad,Salad,9.0,4,1318,24,Female,Cash,36,18
999,18/06/2024,12:14AM,Cheesecake,Dessert,7.0,2,1523,44,Female,Cash,14,7
1000,10/06/2024,07:45AM,Chicken Sandwich,Main Course,11.5,4,1234,46,Male,Cash,46,23
